Title,Description,Tags,Category ID,Views,Likes,Comments,Duration,Published Date
Vidaamuyarchi - Sawadeeka Lyric | Ajith Kumar | Trisha | Magizh Thirumeni | Anirudh | Subaskaran,"Lyca Productions 
Subaskaran Presents
Ajith Kumar in Vidaamuyarchi

Song: Sawadeeka
Composed by Anirudh Ravichander
Lyrics - Arivu
Vocals - Anthony Daasan, Anirudh Ravichander

Movie Credits:
Cast: Ajith Kumar, Trisha, Arjun Sarja, Regina Cassandra, Aarav, Nikhil Nair, Dasarathi, Ganesh
Director: Magizh Thirumeni
Music: Anirudh Ravichander
Director of Photography: Om Prakash ISC
Editor: NB Srikanth
Art Director: Milan
Stunt Master: Supreme Sundar
Choreographer: Kalyan
Costume Design: Anu Vardhan
Stills: G Anand Kumar
Publicity Design: Gopi Prasanna
VFX: Hariharasuthan
DI Colourist: Prasath Somasekar
PRO: Suresh Chandra
Production Executives: J Girinathan & K Jeyaseelan
Executive Producer: Subramanian Narayanan
Produced by Subaskaran

Music Credits:
Song Title : Sawadeeka
Album / Movie : Vidaamuyarchi
Composed by Anirudh Ravichander
Lyrics - Arivu
Vocals - Anthony Daasan, Anirudh Ravichander

Keyboards, Synth & Rhythm Programmed by Anirudh Ravichander
Rhythm Produced by Kalyan
Kazoo - Arivu
Backing Vocals - Arivu & Anirudh Ravichander
Additional Rhythm Programmed by Shashank Vijay
Additional Keyboard Programmed by Nivin Raphael, Arish, Narendar S, Ashwin Krishna
Music Advisor - Ananthakrrishnan
Creative Consultant - Sajith Satya

Recorded at
Albuquerque Records, Chennai. Engineered by Srinivasan M, Shivakiran S 
Mixed & Mastered by Vinay Sridhar & Srinivasan M at Albuquerque Records, Chennai
Music Coordinator - Velavan B

Lyric Video - ADFX STUDIO ( Ambani.dfx )

Music Label - Sony Music Entertainment India Pvt. Ltd.

¬© 2024 Sony Music Entertainment India Pvt. Ltd.

Subscribe Now: http://bit.ly/SonyMusicSouthVevo
Subscribe Now: http://bit.ly/SonyMusicSouthYT
Follow us: https://www.instagram.com/sonymusic_south/
Follow us: Twitter: https://twitter.com/SonyMusicSouth
Like us: Facebook: https://www.facebook.com/SonyMusicSouth
Join our WhatsApp broadcast channel https://whatsapp.com/channel/0029VaAThD53GJOwZNFUJZ3B
Join Our Instagram broadcast channel https://ig.me/j/Abal-auA3Y5L6OtV/","['Sony Music South', 'Sony Music', 'Tamil Latest Song', 'Latest songs in Tamil4', 'Songs in Tamil', 'Vidaamuyarchi Teaser', 'vidaa muyarchi official trailer', 'vidaamuyarchi bgm', 'vidaamuyarchi song', 'vidaamuyarchi', 'Ajithikumar movie teaser', 'ajith kumar racing', 'ultimate star ajith kumar', 'thala ajith', 'trisha movie songs', 'trisha movie trailer', 'anirudh musical', 'anirudh', 'anirudh new song', 'vidamuyarchi teaser', 'vidamuyarchi', 'vidamuyarchi teaser tamil', 'ajith kumar', 'thala ajith movie', 'Sawadeeka']",10,3457500,367960,13677,PT3M32S,2024-12-27T11:35:22Z
RETRO - Title Teaser | Suriya | Karthik Subbaraj | Pooja Hegde | Santhosh Narayanan,"RETRO - Title Teaser | Suriya | Karthik Subbaraj | Pooja Hegde | Santhosh Narayanan

Cast & Crew:

Directed by Karthik Subbaraj
Produced by Jyotika - Suriya
Cast: Suriya, Pooja Hegde, Joju George, Jayaram, Karunakaran
Music: Santhosh Narayanan 
Cinematography: Shreyaas Krishna 
Editing: Shafique Mohamed Ali
Art Direction: Jacki, Mayapandi
Costume Design: Praveen Raja 
Stunts: Kecha Khamphakdee 
Co-produced by Rajsekar Karpoorasundarapandian, Karthikeyan Santhanam
Makeup: Vinoth Sukumaran
Sound Design: Suren.G, Alagiakoothan
Choreographer: Sherif.M 
Costumer: Mohammed Subier
Stills: Dinesh.M
Publicity Designs: Tuney John
Colorist: Suresh Ravi
Chief Production Controller: B.Senthil Kumar
Production Executive: Ganesh.PS
Executive Producer: M.Ashok Narayanan
Direction Team: Srinivasan.E, Anand Purusoth, Bharath Muralidharan, Jagadish Babu, Mahes Balu, Sooraj Das, Muruganantham, Avinash R, Mohan Kumar R, Selvakumar, Praveen Giri, Venkat Murugan
Promotions & Marketing: Balabharathi 
Creative promotions: BeatRoute
PRO: Yuvraaj, Sathish (S2)

Follow Us on 

https://www.2dentertainment.in
YouTube: https://www.youtube.com/2DMusic?sub_confirmation=1
Facebook:
https://www.facebook.com/Official.2D/
Twitter: 
@2D_ENTPVTLTD | @suriya_offl

#Suriya44 #Suriya #2DEntertainment #StoneBench","['Suriya 44', 'Title Teaser', 'Suriya', 'Karthik Subbaraj', 'Pooja Hegde', 'Santhosh Narayanan', 'Suriya new movie', 'Suriya teaser', 'Karthik Subbaraj movie', 'Pooja Hegde Suriya', 'Santhosh Narayanan music', 'Tamil cinema', 'Tamil teaser', 'Kollywood', 'Suriya 2024', 'Suriya latest', 'Karthik Subbaraj direction', 'Suriya fans', 'Tamil movie teaser', 'Upcoming Tamil movies', 'Suriya Pooja Hegde', 'Tamil film industry', 'Suriya action movie', 'Suriya Karthik Subbaraj collaboration.']",10,20529461,641500,15498,PT2M17S,2024-12-25T05:30:31Z
"Jafaa - Last Ep 32 [CC] - 27 Dec 24  Spons By Salai, Masterpaints & Ujooba Beauty Cream - HUM TV","üëâ Subscribe To HUM TV - https://bit.ly/Humtvpk

Jafaa - Last Ep 32 [CC] - 20 Dec 24  Spons By Salai, Masterpaints & Ujooba Beauty Cream - HUM TV

Digitally Presented By Salai
Digitally Powered By MasterPaints
Digitally Associated By Ujooba Beauty Cream

Written by Samira Fazal
Directed by Danish Nawaz
Produced by Momina Duraid Productionsüé¨


#jafaa 
#jafaalastep32
#humtv 
#masterpaints 
#salai
#ujoobabeautycream 

#Jafaa #HUMTV #MawraHussain #UsmanMukhtar #SeharKhan #MohibMirza #NadiaAfgan #NaumanMasood #AnamGohar #ZarrarKhan #DanishNawaz #SamiraFazal #MominaDuraid","['pakistani serial', 'latest pakistani drama', 'top pakistani drama', 'best pakistani drama', 'pakistani serial 2024', 'pakistani drama 2024 last episode', 'pakistani drama 2024 latest episode', 'pakistani dramas', 'Mawra Hussain', 'drama serial jafaa', 'usman mukhtar drama', 'usman mukhtar', 'sehar khan', 'sehar best dramas', 'jafa ep 32 Last', 'jafa drama', 'Jafaa Last Ep 32', 'Jafaa latest Ep 32', 'Jafa', 'Jafaa - Last Ep 32', 'jafa', 'jafaa', 'jaffa ep 32 Last', 'jafaa 2nd Last 32', 'jafa latest']",24,3408829,72465,2623,PT35M47S,2024-12-27T16:00:23Z
Bigg Boss Tamil Season 8 Streaming24x7 on #Disneyplushotstartamil,"Bigg Boss Tamil Season 8 Streaming24x7 on #Disneyplushotstartamil

#BB8Streaming24x7 #VJStheBBhost #VijaySethupathi üòç #BiggBossTamilSeason8 #BiggBossTamil #BBT #BBTamilSeason8 #‡Æ™‡Æø‡Æï‡Øç‡Æ™‡Ææ‡Æ∏‡Øç #Disneyplushotstartamil",[],1,537939,12348,398,PT35S,2024-12-27T06:30:22Z
Smart Girl Dating Pattern | Zakir Khan | Stand Up Comedy | Sukha Puri 7,"Watch Zakir Khan Live In your city Tickets: https://linktr.ee/zakirkhanlive

Zakir Khan‚Äôs latest stand-up, ""Smart Girls Dating Choices,"" is now live on YouTube! In this hilarious video, Zakir dives into how girls' smart dating choices can sometimes be confusing. With his signature wit, he talks about how experiences and surroundings shape their decisions, all while keeping it super relatable. If you‚Äôre a fan of Zakir‚Äôs comedy, this one's a must-watch!

#ZakirKhan #StandUpComedy #SmartGirls #DatingChoices #ComedyVideo #FunnyObservations #RelatableHumor #IndianComedy #ZakirKhanComedy #Dating

Tickets on: 
https://linktr.ee/zakirkhanlive","['Zakir khan comedy', '#StandUpComedy']",23,1292359,89702,2691,PT12M7S,2024-12-27T14:53:52Z
Cotton Candy Official Music Video | Chandan Shetty Ft. Sushmitha Gopinath üç≠,"Presenting the Official Music Video of Cotton Candy, featuring Chandan Shetty and the gorgeous Sushmitha Gopinath. A perfect blend of groovy beats and captivating lyrics, this track is here to set your New Year vibes on fire! üî•

#CottonCandy #ChandanShetty #SushmithaGopinath

Make Reels: https://www.instagram.com/reels/audio/1529834797711172?igsh=MXFnYWhud3RjYTZhYw==

Listen to Cotton Candy, on Your Favorite Platforms:  https://bfan.link/cotton-candy-4

Song Credits:
Music - Lyrics - Vocals - Direction: Chandan Shetty 
Ft. Sushmitha Gopinath 
Produced by: CS Records 
Co-Producer: Greeshma Gowda
Programming - Mix & Master: Agasthya Raag
Dop & Colorist: Suhas Amin
Editor: Dheeraj Poojary
Hook Step Dance Director: Praveen Veigas
Post Production: After Shot Productions
Visual Supervisor: Mutant Raghu
VFX: Prasanna S - Kings Frame Studio
Poster Design: Ankith Anil
Costumes: Amith, Bharath Sagar, Neha Shreya
Digital Promotions: Digital Magnet Media - Dhanu Krishnaa


Special Thanks üç≠
üç≠ M I Naveed Magundi , Janet Naveed (Dubai)
üç≠ M Saboor Ahmad  Ganesh Karthik (GK) (Dubai)
üç≠ Tharesh Kumar (Dubai)
üç≠ Mubarak (Zam Zam - Dubai)
üç≠ Dayananda S (Dubai)
üç≠ Shilpa 
üç≠ AR Afsar 
üç≠ Navarasan 
üç≠ Chandana 
üç≠ Farook (Dance studio) 

--------------------------------------------------

Follow Me on Instagram: https://www.instagram.com/chandanshettyofficial/

Subscribe Now: https://www.youtube.com/channel/UCwmWD8bYWZ53SWavYj1kdRA

¬© Chandan Shetty","['Cotton Candy Kannada Song', 'Cotton Candy Chandan Shetty', 'Chandan shetty New Songs', 'Chandan Shetty Kannada New Song', 'New Kannada Songs', 'Cotton Candy Chandan Shetty New Song', 'New Chandan Shetty Song Cotton Candy', 'Chandan Shetty', 'Chandan Shetty Rap', 'Kannada Rapper Chandan Shetty', 'Sushmitha Gopinath Song', 'Sushmitha Gopinath', 'Kannada Music Videos', 'Album Songs', 'Kannada Album Songs', 'Kannada Trending Songs', 'Chandan Shetty Song', 'Chandan Shetty Cotton Candy', 'Lollipop Kannada Song']",10,1152966,60753,2128,PT3M59S,2024-12-27T05:05:13Z
ROY'S CATERING | EPISODE 02 | #jismavimal #malayalamfunnyvines #malayalamcomedy,"ROY'S CATERING | EPISODE 02 | #jismavimal #malayalamfunnyvines #malayalamcomedy 


Produced by J&V PICTURES
https://www.instagram.com/jismavimal?igsh=d25rdTZ2d2Y3dTFq

Directed by VIMAL KUMAR
https://www.instagram.com/vimal_kumar_online/

Written by JISMA & VIMAL
https://www.instagram.com/jisma_jiji_kizhakkarakattu/
https://www.instagram.com/vimal_kumar_online/

Additional screenplay - Vishnu C B

Cinematographer: NITHIN ABEY ALEXANDER
https://www.instagram.com/abey_alexander/

Editor: NASEEF YUSUF IZUDDIN (Ep 1&2), MIDHUN KRISHNA (EP 3&4)
https://www.instagram.com/naseefizuddin/
https://www.instagram.com/midhunkrishna_a/

Production Design: JISMA JIJI
https://www.instagram.com/jisma_jiji_kizhakkarakattu/

Chief Associate Director: SARATH KUMAR (Schedule 1 & 2 ), Rouf (Schedule 3)
https://www.instagram.com/da_sarathe/
 
Associate Cameran: NITHIN SUDHAKAR 
https://www.instagram.com/nithin_sudhakar/

BGM: SREERAG SURESH Sreerag Suresh
https://www.instagram.com/sreerag_musiq/

Colorist: ELDHO M REJI
https://www.instagram.com/eldhomreji_/profilecard/?igsh=dGk5NDVoNm9vYzNs
DI:  STUDIO IRIS
https://www.instagram.com/studioirisglobal/profilecard/?igsh=MTR6MGRtMnJkMmMzMg==

Production Manager: JIFFIN JIJI
https://www.instagram.com/jiffinjiji/

Mixing: NITHEESH VISWAMBHARAN
https://www.instagram.com/nitheeshviswambharan/

Sound Design: ABHISHEK CHERIAN
https://www.instagram.com/abhishekcherian__/

Foley Artist: MURUGAN, RAMKUMAR

Foley Recordist and edit: SONY JAMES

Studio: AUDIBLE TONES RECORDING STUDIOS CHENNAI

Casting, Costume & Styling: JISMA JIJI

Dubbing: THOPPIL RECORDING STUDIO
https://www.instagram.com/thoppilrecordingstudio/

Dubbing engineer: T M ABIN
https://www.instagram.com/abin.t.m/

Stills & BTS : ALBIN JOSE, ABHIJITH S K
https://www.instagram.com/albin_jose_/
https://www.instagram.com/skabhijithphotography/

Subtitle : LEON VINCENT (WordsWorth)
https://www.instagram.com/__wordsworth/

Spot editor: SAGAR P MOHAN (Schedule 1&2), MIDHUN KRISHNA (Schedule 3)
https://www.instagram.com/sagar_p_mohan/
https://www.instagram.com/midhunkrishna_a/

Assistant Spot: ALVIN SHAJI (Schedule 1&2)

Posters & Designs: ARJUN G B Designs
https://www.instagram.com/arjun_gb_/

Assistant Directors:
AYMAN MOOSA (Schedule 1,2 *3)
https://www.instagram.com/ayman__moosa/

SEHEN. H(Schedule 1&2)

SANJAY JEEVAN (Schedule 3)
https://www.instagram.com/sanjay_jeevan_/

NIVED R ASOK (Schedule 3)
https://www.instagram.com/_dev_in_/

Costume Assistant: ROMIN ROY
https://www.instagram.com/_rominroy_/

Assistant Cameraman: ROHAN  (Schedule 3)
https://www.instagram.com/roh_footage/

Art Assistants: ADISH JOY, JOMIN ROY, AKSHAY DAS(APPU)
https://www.instagram.com/adi._94/
https://www.instagram.com/jomin_roy/
https://www.instagram.com/sk_y______._/

Production Boys : SANJAY SAJITH (KABALI) (schedule 1&2), AJITH AJI (Schedule 3)
https://www.instagram.com/an_ex_extrovert/

Unit: LENS DADDY, EKA FILMS COCHIN, B&A 

Locations
John‚Äôs Village
https://www.instagram.com/johnsvillage/

M.G.Up School Perumpilly

East India street Cafe
https://www.instagram.com/east_india_cafe/

Leela‚Äôs Ladies Hostel




Main Cast:
VIMAL KUMAR (Akhil)
https://www.instagram.com/vimal_kumar_online/

JISMA JIJI (Ayana)
https://www.instagram.com/jisma_jiji_kizhakkarakattu/

ROMIN ROY (Sharaff)
https://www.instagram.com/_rominroy_/

SHARAN. S (Roy)
https://www.instagram.com/sharan.ss/

SREENATH BABU (Rakesh)
https://www.instagram.com/sreenath_babu/

SREEKANTH A.S (Santhosh)
https://www.instagram.com/sree_kanth_87/

SIVA AJAYAN (Siva)
https://www.instagram.com/siva.ajayan/

JIFFIN JIJI Yadhu)
https://www.instagram.com/jiffinjiji/

ADISH JOY (Mebi)
https://www.instagram.com/adi._94/

AYMAN MOOSA (Moosi)
https://www.instagram.com/ayman__moosa/

AMALA DOMICHAN (Amala)
https://www.instagram.com/amalaeeee/

GOPAN RAMACHANDRAN (Delivery Boy)
https://www.instagram.com/iamgopan/

VIPIN O P (Invigilator)

SAMARTH AMBUJAKSHAN (Milton)
https://www.instagram.com/samarth_ambujakshan/

FRANKO DAVIS MANJILA (Avarachan)
https://www.instagram.com/thefrankology/

MARYKUTTY CHECHI (Hostel Warden)

MILAN THURUTHIKKARA (Boy Roy)

AKSHAY DAS (ATHUL KAATTA)

AKHIL BABU  
SREEJITH D S 
AMAL UDHAYAN 
BRIJITH
NIVEDH. R ASHOK
JOMIN ROY
GURU NISHCHITHA
GADHA S 
SANJAY SAJITH (Kabali)
AKSHAYA C.K
SARATH KRISHNA(ikru)

Lots of love:
Manju Anil Kumar (Thuruthikkara ward member) and Family
Arun.P.John 
Jessy Chechi and Family
Amala and Family
Lini Renjith and Family
Joyal K Joy (Perumpilly ward member)
Jisto Sebastian
Akash and family
Seena Teacher
Midhun and Friends
Vimalettan‚Äôs Chitta
Lissy Chechi and Family
Maya Chechi
Sajana chechi","['comedy', 'jsmavimal', 'malayalamcomedy', 'jismajiji', 'vimalkumar', 'vimal', 'fictioncomedy', 'fiction', 'comedyvideo', 'malayalammovie', 'aavesham', 'avesham', 'funnycontent', 'bestfriendscomedy', 'friendscomedy', 'theatreexperience', 'actioncomedy', 'malayalamcinema', 'southindiancinema', 'south movies', 'malayalam movie hits', 'favourites', 'actors', 'malayalam actors', 'moviebuffs', 'lovers', 'lovestory', 'cutelove', 'friendship', 'catering', 'cateringcomedy', 'cateringboys', 'keralacateringboys', 'events', 'birthdaycomedy', 'funnyvines', 'southindiancomedy', 'malayalammovies', 'vines', 'fun', 'laughter']",23,917719,35869,372,PT23M30S,2024-12-25T11:57:03Z
"Anaganaga Oka Raju - Pre Wedding Video | Naveen Polishetty, Meenakshi Chaudhary | S Naga Vamsi","Maa Naveen Polishetty ki janma dina shubhakankshalu. Raju gari Pelli ante Sound ey range lo undali üòâüï∫üèª

Here‚Äôs the #AnaganagaOkaRaju - ùêèùê´ùêû ùêñùêûùêùùêùùê¢ùêßùê† ùêïùê¢ùêùùêûùê® ‚ù§Ô∏è

Non stop SEETIMAAR ENTERTAINMENT blasting into theaters in 2025 üòé

#HBDNaveenPolishetty #NaveenPolishetty4

Anaganaga Oka Raju is an upcoming telugu film ft. Naveen Polishetty & Meenakshi Chaudhary in lead roles. Directed by Maari and Produced by Suryadevara Naga Vamsi & Sai Soujanya under Sithara Entertainments and Fortune Four Cinemas. A Mickey J Meyer Musical.

Stars: Naveen Polishetty, Meenakshi Chaudhary
DOP: J Yuvraj
Music: Mickey J Meyer
Directed : Maari
Producer: Naga Vamsi S & Sai Soujanya
Banners: Sithara Entertainments & Fortune Four Cinemas
Presents: Srikara Studios
DI - DECCAN DREAMS 
Colorist - YUGENDHRAN

Note: ALL CONTENT ON THIS VIDEO IS FICTIONAL AND IS INTENDED ONLY FOR ENTERTAINMENT / RECREATIONAL PURPOSES. THE CONTENT SHOWN IN THIS VIDEO IS MEANT TO BRING LIGHT-HEARTED HUMOR AND LAUGHTER TO VIEWERS. ALL IMAGES AND FOOTAGE FEATURED IN THIS VIDEO BELONG TO THEIR RESPECTIVE OWNERS, AND WE DO NOT CLAIM ANY OWNERSHIP OF THESE MATERIALS.

THE CONTENT INCLUDED IS INTENDED TO SHOWCASE PUBLICLY AVAILABLE EVENTS AND MOMENTS INVOLVING CELEBRITIES. ANY COPYRIGHTED MATERIAL USED IN THIS VIDEO IS DONE UNDER THE FAIR USE POLICY FOR COMMENTARY, NEWS REPORTING, OR DISCUSSION.

NO INFRINGEMENT OR HARM IS INTENDED TOWARD ANY INDIVIDUAL, GROUP, OR ENTITY.

‚ñ∫ Subscribe: http://youtube.com/SitharaEntertainments
‚ñ∫ Like: https://facebook.com/SitharaEntertainments
‚ñ∫ Follow: http://instagram.com/SitharaEntertainments
‚ñ∫ Follow: https://twitter.com/SitharaEnts",['Sithara Entertainments'],24,3337002,121555,1442,PT3M3S,2024-12-26T07:04:41Z
SAAS SASUR AA GAYE‚ù§Ô∏è,"Enroll in India's first Vlogging Course - Designed by Sambhavna & Avinash
https://www.schoolofsambhavi.com/courses/Master-the-Art-of-Vlogging-63369b97e4b0e9a72c34f008


For any queries or feedback please mail us to sambhavnasethentertainment@gmail.com

Gears we use for vlogging :-
Canon 80d camera - https://amzn.to/3cfyBGb
Canon 80d extra battery  - https://amzn.to/3uQNOnv
Canon 80d extra charger-  https://amzn.to/3ifFT0G
Best vlogging lens for Canon 80d  - https://amzn.to/3vOxXaD
Canon 80d Lens for cinematic shots - https://amzn.to/3iap4nP
Best vlogging camera Canon G7x iii - https://amzn.to/2S9W5pk 
Extra battery for Canon G7x iii - https://amzn.to/3petYkY
Extra charger for Canon G7x iii - https://amzn.to/3uPfZ6m
Sony Vlogging camera - https://amzn.to/3g785jn
Vlogging mic - https://amzn.to/3ceKEUi
Collar mic - https://amzn.to/3cepZQp
Sandisk memory card 128gb - https://amzn.to/34Lb63E
Gorilla tripod for G7x iii and Phone - https://amzn.to/3ySxwOt
Gorilla tripod for Canon 80d - https://amzn.to/34JZa24
Macbook air - https://amzn.to/3glunyj
Iphone 12 pro max for slow motion - https://amzn.to/2STtKUe
Ring light - https://amzn.to/3fKL3ju



Follow me on :- 
YouTube :- http://bit.ly/SambhavnaSethEntertainment
FacebooK :- https://www.facebook.com/ImSambhavnaSeth
Twitter :- https://twitter.com/sambhavnaseth
Instagram :- https://www.instagram.com/sambhavnasethofficial

Follow AVINASH:-
Instagram - https://www.instagram.com/imavinashdwivedi
Youtube - https://www.youtube.com/c/avinashdwivediartist

Music by Peyruis : https://youtube.com/@Peyruismusic
or
Music by Peyruis : https://soundcloud.com/peyruis","['sambhavnaseth', 'ss vlogs', 'hindi vlogger', 'celebrity vlogger', 'indian vlogger', 'bigg boss', 'bigg boss contestant', 'husband wife vlogs', 'funny vlogs', 'food vlogger', 'lifestyle vlogger', 'husband wife challenge', 'travel vlogger']",22,1084320,51401,3275,PT26M1S,2024-12-27T09:20:11Z
Bismil Last Episode | Digitally Presented by Vince Care | 26 Dec 2024 (Eng Sub) | ARY Digital,"Watch All Episodes of ""Bismil"" Here üëâ https://www.youtube.com/playlist?list=PLb2aaNHUy_gF-M73yiu3rJRUwn0vYx05A

AE DIL - Starting 1st January, every Wed & Thu at 8:00 PM, only on ARY Digital! 
üëâ https://youtu.be/ZqBP8AHZ31I

Bismil Last Episode 38 | Naumaan Ijaz | Savera Nadeem | Hareem Farooq | Saad Qureshi | 26 December 2024 | ARY Digital Drama 

Bismil is a captivating tale of a woman driven by an unrelenting ambition to achieve her dreams, no matter the cost. As she chases the heights of success, she finds herself navigating a treacherous path where love can turn deadly and trust is a fragile commodity.

Writer: Zanjabeel Asim Shah
Director:  Aehsun Talish 

Cast:
Naumaan Ijaz
Hareem Farooq
Savera Nadeem
Saad Qureshi
Behroz Sabzwari
Shaheen Khan
Asad Siddiqui
Rabia Shakeel
Adnan Jeelani and others.

#bismil #NaumaanIjaz #HareemFarooq #SaveraNadeem #SaadQureshi #BehrozSabzwari #asadsiddiqui 

Pakistani Drama Industry's biggest Platform, ARY Digital, is the Hub of exceptional and uninterrupted entertainment. You can watch quality dramas with relatable stories, Original Sound Tracks, Telefilms, and a lot more impressive content in HD. Subscribe üëâ https://bit.ly/2PiWK68 to the YouTube channel of ARY Digital to be entertained by the content you always wanted to watch.","['watch Bismil Last Episode 38', 'Watch Bismil Last Episode 38', 'watch Bismil Last Episode 38 26 December 2024', 'Pakistani drama Bismil', 'Bismil Pakistani drama serial', 'Bismil Last Episode 38 ARY Digital Drama', 'ARY Digital', 'Naumaan Ijaz New Drama 2024', 'Naumaan Ijaz', 'Hareem Farooq New Drama', 'Hareem Farooq new drama 2024', 'Pakistani drama 2024', 'Bismil drama 2024', 'Saad Qureshi', 'Asad Siddiqui', ""'‡§¨‡§ø‡§∏‡•ç‡§Æ‡§ø‡§≤'"", 'pakistani drama', 'ary drama', 'pakistani serial', 'ary', 'drama', 'watch drama']",24,6287844,88772,11561,PT38M34S,2024-12-26T16:00:06Z
"Meem Se Mohabbat - Episode 04 [CC] 26th Dec 2024 - Spons By Food Panda, Master Paints, Skin White","üëâ Subscribe To HUM TV - https://bit.ly/Humtvpk

Meem Se Mohabbat - Episode 04 [CC] 26th Dec 2024 - Spons By Food Panda, Master Paints, Skin White [ Dananeer Mobeen & Ahad Raza Mir ] - HUM TV

Digitally Presented By Food Panda 
Digitally Powered By Master Paints 
Digitally Associated By Skin White 


'Meem Se Mohabbat‚Äô revolves around a moving tale that artfully intertwines coincidence and destiny, bringing together two souls who could not be more dissimilar in their essence. In a world brimming with uncertainties, love manifests in the most unforeseen moments, defying the boundaries of logic, past and circumstance.

Writer:Farhat Ishtiaq 
Director:Ali Hassan 
Producer:Momina Duraid Productions 

Cast:
Ahad Raza Mir
Dananeer Mobeen
Zarrar Khan
Khadija Saleem
Faiza Gilani
Tehseen Wajahat
Rabia Rizwan
Zainab Mazhar
Muhammad Hunbal
Naveen Naqvi
Arshad Mahmood
Irfanullah
Neha
Abu Hurairah
Raana Zafar
Touseeq Haider

#meemsemohabbatep04
#dananeermubeen
#ahadrazamir 
#pandapro 
#masterpaints 
#WinterKaPerfectCompanion","['drama in hindi', 'drama', 'top pakistani drama', 'best pakistani drama', 'pakistani serial 2024', 'pakistani drama 2024 new', 'pakistani drama 2024 new episode', 'pakistani drama 2024 last episode', 'pakistani drama 2024 latest episode', 'pakistani drama new', 'pakistani dramas', 'Meem Se Mohabbat ep 04', 'Dananeer', 'Dananeer Mobeen', 'Meem Se Mohabbat Ep 04', 'Meem Se Mohabbat episode 04', 'Meem Se Mohabbat Episode 04', 'meem se muhabbat 04', 'meem se', 'muhabbat', 'meem se mohabbat episode 01', 'muhabbat gumshuda']",24,4945727,96120,2127,PT36M54S,2024-12-26T16:00:05Z
Sunn Mere Dil EP 25 [Eng Sub] Digitally Presented by LUX - Happilac Paints and Ujooba Beauty Cream,"Thanks for watching Har Pal Geo. Please click here https://bit.ly/3rCBCYN to Subscribe and hit the bell icon to enjoy Top Pakistani Dramas and satisfy all your entertainment needs. Do you know Har Pal Geo is now available in the US? Share the News. Spread the word.

Sunn Mere Dil Episode 25 [Eng Sub] Digitally Presented by LUX - Happilac Paints and Ujooba Beauty Cream - Wahaj Ali - Maya Ali - 26th December 2024 - Har Pal Geo

Sunn Mera Dil Digitally Presented by LUX - Happilac Paints and Ujooba Beauty Cream

7th Sky Entertainment‚Äôs highly anticipated mega signature project, Sunn Mere Dil, is the most awaited drama serial. The mega drama boasts a star-studded cast led by Wahaj Ali and Maya Ali. Written by the renowned Khalil Ur Rehman Qamar and directed by the acclaimed Haseeb Hasan, Sunn Mere Dil promises to be a one-of-a-kind drama.

Sunn Mere Dil is a tale in which love finds a new meaning, where one person‚Äôs devotion quietly flourishes, often unnoticed. Their heart beats for someone who may never truly understand the depth of their feelings. Yet, in their silent sacrifices, they realize that true love is not about
possession but about selflessness.

Every unspoken gesture and unseen act of kindness brings them fulfillment, as they put their beloved‚Äôs happiness above their own, showing that love is not just about being together, it‚Äôs about redefining happiness, even at the expense of their contentment.

7th Sky Entertainment Presentation
Producers: Abdullah Kadwani & Asad Qureshi
Director: Haseeb Hasan
Writer: Khalil Ur Rehman Qamar

Cast:
Wahaj Ali as Bilal Abdullah 
Maya Ali as Sadaf
Usama Khan as Ammar
Hira Mani as Hamsha
Amar Khan as Dania
Saba Hameed as Farzana
Syed Mohammed Ahmed as Namdaar
Shahvir Kadwani as Zaviyaar

#glowingmomentsbylux
#HappilacPaints 
#colorsofhappiness 
#Ujoobabeautycream


#SunnMeraDil
#WahajAli
#MayaAli","['geo dramas', 'latest pakistani drama', 'pakistani drama', 'har pal geo', 'pakistani drama ost', '‡§™‡§æ‡§ï‡§ø‡§∏‡•ç‡§§‡§æ‡§®‡•Ä ‡§∏‡•Ä‡§∞‡§ø‡§Ø‡§≤', '‡§™‡§æ‡§ï‡§ø‡§∏‡•ç‡§§‡§æ‡§®‡•Ä ‡§°‡•ç‡§∞‡§æ‡§Æ‡§æ', 'Wahaj Ali', 'Maya Ali', 'Usama Khan', 'Hira Mani', 'Amar Khan', 'Saba Hameed', 'Syed Mohammed Ahmed', 'Shahvir Kadwani', 'Sunn Mere Dil Ep 25', 'Sunn Mere Dil Ost', 'Sunn Mere Dil 25', 'wahaj ali new serial', 'Maya Ali new serial', 'sunn mere dil drama episode 25', 'sun mere dil', 'sun mere dil episode 25', 'Sunn Mere Dil', '26th December 2024', 'ED-SA-UL-SA-CC-SA-TH-SA', '#ep25']",24,5776188,98010,3869,PT32M50S,2024-12-26T16:00:07Z
Garena Free Fire RIP 1M Diamonds üíé For Number .0001,"WinZo https://winzo.onelink.me/gu8K/4a16afbe

INSTAGRAMhttps://www.instagram.com/lokeshraj07/

WhatsApp https://whatsapp.com/channel/0029Va9IUrdHAdNdxKB8Bu0l

LR7 GAMING
https://www.youtube.com/channel/UC6xKgV3nOoPDkzqB3duGwPg

FACEBOOKhttps://www.facebook.com/LR7GAMING7

DISCORD https://discord.gg/lokeshgamer7

Twitter https://twitter.com/lokeshraj0007?t=W2QiqugQzTqekLE-mgQkeg&s=09

#LokeshGamer #freefireindia  #lr7gaming #shorts #freefire free fire

Dyland Pros challenged Me üòÇüòÇüòÇ Global Top 1 RIP 1M Diamonds

Garena Free Fire New Gun M36h
New Update In Free Fire M46 z
New Gun M36 in Free Fire 
Free Fire Noob To Pro 
free fire india
free fire comingback
free fire new update

Gifting My Girlfriend Golden Sakura Season 1 Elite Pass & 5 Criminal bundles Garena Free Fire 

Gifting My Subscriber 50,000 Diamonds And All Evo Skin Max's Garena Free Fire

 Gifting My Sister 7 Evo Bundle & 7 Evo Guns & 50,000 Diamonds üíé Free Fire 



Got All Rare Bundles Crates In My Id ||Hip Hop Bundle,Red Criminal & Many More - Garena Freefire
What's Inside This Special Boxes üì¶üò≤|| Diamonds,Hip Hop Bundle & Rare Itemsüòç -Garena Free Fire Garena Free Fire DJ Alok Chrono or Ab SkyLer Free Fire Live with twosidegamers Free Fire Live One Tap HeadShot Gold to Heroic and GrandMaster Rank Push The Cobra Project New Evo Mp40 Skin Unbox Free Fire Live New Update and New Event Diamond Spin with twosidegamers Solo, Duo, Squad, Dynamic Duo and Custom Room Gameplay. Free Fire Live Streamer From India Killing Player with LOUD Volume Spy Like James Bond 007 Level Up to 98.

Free Fire Bunny Mp40!
Free Fire Tournament 
Free Fire Gameplay 
Free Fire GrandMaster Player
Garena freefire Max India üáÆüá≥ 
Freefire Max 
Freefire Max New Updates 

Gifting My Subscriber 40,000 Diamonds & New Trap Bundle & Red Bunny Garena Free Fire 

Buying Season 6 Booyah Pass And Global Top #1 15,000+++ Levels Got Sakura Bundle Garena Free Fire 

I Got New MP40 Thunder Evo Skin [ Level 1 To 8 ] Most Powerful Skin Garena Free Fire

 
Gifting My Subscriber 50,000 Diamonds & Evo Emotes & Evo Bundle & Evo MP40 Skin Garena Free Fire 

RIP 2 Lakhs Diamonds In New Booyah Pass ü§Øü§Øü§Ø Rare Bundle Garena Free Fire 

New Advance Server First Look New Rare Character & New Evo Gun Skin Garena Free Fire 

Opening 70th Gun Create Free Fire India's Richest ID ü§ë [ RIP 1M DIAMONDS üíé

Garena Gifting Me 3M Diamonds First Time ü§Ø [ Global Top 1] Free Fire 

Gifting 20 Rare Bundles To My Subscriber RIP 40,000 Diamonds Garena Free Fire 
#freefireindia 
#lokeshgamer 
#desigamer 
#tondegamer 
#twosidegamers
#totalgaming 

Note :- Copyright Disclaimer under Section 107 of the copyright act 1976, allowance is made for fair use for purposes such as criticism, comment, news reporting, scholarship, and research. Fair use is a use permitted by copyright statute that might otherwise be infringing. Non-profit, educational or personal use tips the balance in favour of fair use.",[],20,793393,73032,3609,PT11M10S,2024-12-26T14:36:33Z
Hilsha fish & Duck curry cooking for our Special Guest | ‡¶ú‡ßã‡ßú‡¶æ ‡¶á‡¶≤‡¶ø‡¶∂ ‡¶∏‡¶ô‡ßç‡¶ó‡ßá ‡¶∂‡ßÄ‡¶§‡ßá‡¶∞ ‡¶∏‡ßç‡¶™‡ßá‡¶∂‡¶æ‡¶≤ ‡¶π‡¶æ‡¶Å‡¶∏‡ßá‡¶∞ ‡¶Æ‡¶æ‡¶Ç‡¶∏,"Hilsha fish & Duck curry cooking for our Special Guest | ‡¶ú‡ßã‡ßú‡¶æ ‡¶á‡¶≤‡¶ø‡¶∂ ‡¶∏‡¶ô‡ßç‡¶ó‡ßá ‡¶∂‡ßÄ‡¶§‡ßá‡¶∞ ‡¶∏‡ßç‡¶™‡ßá‡¶∂‡¶æ‡¶≤ ‡¶π‡¶æ‡¶Å‡¶∏‡ßá‡¶∞ ‡¶Æ‡¶æ‡¶Ç‡¶∏

Hope you enjoy this video.
Please Subscribe our channel & press Bell icon for latest video

#villfood
#village_cooking
#bengali_recipes","['hilsha fish recipe', 'duck curry', 'hilsha fish cooking', 'jora ilish vapa', 'ilish vapa', 'duck meat curry', 'winter special duck curry', 'villfood and popi kitchen', 'popi in villfood', 'village cooking', 'village recipes', 'winter special video', 'jora ilish recipe', 'hilsha fish curry', 'duck curry recipe bengali']",26,762494,15002,611,PT16M42S,2024-12-26T09:10:49Z
SHIVA SHIVA | Lyrical | Kannada | KD | KVN Production | Prem's | AJ | Dhruva Sarja |Reeshma| Suprith,"Presenting Shiva Shiva Lyrical Song From The Movie KD-The Devil  Starring: Dhruva Sarja, Reeshma Nanaiah, Shilpa Shetty & Others Exclusive Only On Anand Audio Official Youtube Channel..!!! 
----------------------------------------------
#KD #KDTHEDEVIL  #KVNProductions #shivashiva #shivashivakannada #trending #prems  #jogiprem #kdfirstsingle #kdsong #arjunjanya #kailashkher  #shilpashetty  #ramesharavind #vravichandran  #reeshmananaiah #dhruvasarja  #manjugowdabs  #showmanprem #youtube #anandaudio
----------------------------------------------
Song : Shiva Shiva Lyrical Song
Singers : Prem's, Kailash Kher
Lyricist : Manjunath BS
----------------------------------------------
To Listen On Your Favourite Music Streaming Platform
‚ô™ Spotify : https://tinyurl.com/yc5wcnuv
‚ô™ Jiosaavn : https://tinyurl.com/2cd9efn6
‚ô™ Hungama : https://tinyurl.com/4shtadcr
‚ô™ Amazon : https://tinyurl.com/2unc9dyv
‚ô™ Gaana : https://tinyurl.com/2jrtd5t7
‚ô™ Youtube Music : https://tinyurl.com/2dpeus2y
‚ô™ Insta Reels : https://tinyurl.com/4cmbrzxk
----------------------------------------------
‡≤™‡≤≤‡≥ç‡≤≤‡≤µ‡≤ø :
‡≤ó‡≥Å‡≤∞‡≥Å‡≤µ‡≥á ‡≤®‡≤ø‡≤®‡≥ç‡≤®‡≤æ‡≤ü ‡≤¨‡≤≤‡≥ç‡≤≤‡≥ã‡≤∞‡≥ç..‡≤ó‡≥Å‡≤∞‡≥Å‡≤µ‡≥á ‡≤®‡≤ø‡≤®‡≥ç‡≤®‡≤æ‡≤ü ‡≤¨‡≤≤‡≥ç‡≤≤‡≥ã‡≤∞‡≥ç..
‡≤ó‡≥Å‡≤∞‡≥Å‡≤µ‡≥á ‡≤®‡≤ø‡≤®‡≥ç‡≤®‡≤æ‡≤ü ‡≤¨‡≤≤‡≥ç‡≤≤‡≥ã‡≤∞‡≥ç ‡≤Ø‡≤æ‡≤∞‡≥ç ‡≤Ø‡≤æ‡≤∞‡≥ã..
‡≤∂‡≤ø‡≤µ‡≤®‡≥á ‡≤®‡≤ø‡≤®‡≥ç‡≤®‡≤æ‡≤ü ‡≤¨‡≤≤‡≥ç‡≤≤‡≥ã‡≤∞‡≥ç ‡≤Ø‡≤æ‡≤∞‡≥ç ‡≤Ø‡≤æ‡≤∞‡≥ã, ‡≤∂‡≤ø‡≤µ‡≤æ..
‡≤∂‡≤ø‡≤µ ‡≤∂‡≤ø‡≤µ ‡≤∂‡≤ø‡≤µ ‡≤∂‡≤ø‡≤µ ‡≤∂‡≤ø‡≤µ ‡≤∂‡≤ø‡≤µ
‡≤ó‡≥Å‡≤∞‡≥Å‡≤µ‡≥á ‡≤®‡≤ø‡≤®‡≥ç‡≤®‡≤æ‡≤ü ‡≤¨‡≤≤‡≥ç‡≤≤‡≥ã‡≤∞‡≥ç ‡≤Ø‡≤æ‡≤∞‡≥ç ‡≤Ø‡≤æ‡≤∞‡≥ã..
‡≤∂‡≤ø‡≤µ‡≤®‡≥á ‡≤®‡≤ø‡≤®‡≥ç‡≤®‡≤æ‡≤ü ‡≤¨‡≤≤‡≥ç‡≤≤‡≥ã‡≤∞‡≥ç ‡≤Ø‡≤æ‡≤∞‡≥ç ‡≤Ø‡≤æ‡≤∞‡≥ã, ‡≤∂‡≤ø‡≤µ‡≤æ..
‡≤ö‡≤∞‡≤£ 1:
‡≤π‡≤§‡≥ç‡≤§‡≥Ç‡≤∞‡≤ø‡≤® ‡≤í‡≤°‡≥Ü‡≤Ø ‡≤®‡≥Ä‡≤®‡≥Å, ‡≤ó‡≥ä‡≤§‡≥ç‡≤§‡≥á‡≤®‡≥ã ‡≤Ø‡≤æ‡≤∞‡≥Å ‡≤®‡≤ø‡≤Ç‡≤ó‡≥Ü...
‡≤∏‡≥à‡≤®‡≥ç‡≤Ø‡≤æ‡≤®‡≥Ü ‡≤á‡≤≤‡≥ç‡≤≤ ‡≤á‡≤µ‡≤®‡≥ç‡≤ó‡≥Ü, ‡≤π‡≥ä‡≤Ç‡≤ü‡≤µ‡≥ç‡≤®‡≥Ü ‡≤∞‡≤æ‡≤ú ‡≤®‡≤Ç‡≤ó‡≥Ü..
‡≤¨‡≥Ü‡≤≥‡≤ó‡≤æ‡≤ó‡≥ã‡≤¶‡≥ç‡≤∞‡≤≤‡≥ç‡≤≤‡≥á ‡≤¨‡≥Ü‡≤≥‡≥Ü‡≤¶‡≤æ...‡≤¨‡≥Ü‡≤≥‡≤ó‡≤æ‡≤ó‡≥ã‡≤¶‡≥ç‡≤∞‡≤≤‡≥ç‡≤≤‡≥á ‡≤¨‡≥Ü‡≤≥‡≥Ü‡≤¶‡≥Å ‡≤´‡≥á‡≤Æ‡≤∏‡≥ç‡≤∏‡≥Å ‡≤Ü‡≤ó‡≥ã‡≤¶‡≥ç‡≤®‡≤≤‡≥ç‡≤≤..
‡≤®‡≤æ‡≤®‡≥Å ‡≤®‡≤æ‡≤®‡≥ç ‡≤Ö‡≤Ç‡≤¶‡≥ã‡≤∞‡≥ç‡≤ó‡≥Ü‡≤≤‡≥ç‡≤≤‡≤æ ‡≤§‡≥ä‡≤°‡≥Ü‡≤§‡≤ü‡≥ç‡≤ü‡≤ø ‡≤®‡≤ø‡≤Ç‡≤§‡≤µ‡≥ç‡≤®‡≥ç ‡≤®‡≥ã‡≤°‡≥ç‡≤≤‡≤æ..
‡≤¨‡≥Ü‡≤≥‡≥Ü‡≤¶ ‡≤¨‡≥Ü‡≤≥‡≥Ü‡≤¶ ‡≤¨‡≥Ü‡≤≥‡≥Ü‡≤¶ ‡≤®‡≥ã‡≤°‡≥ã..
‡≤ó‡≥Å‡≤∞‡≥Å‡≤µ‡≥á ‡≤®‡≤ø‡≤®‡≥ç‡≤®‡≤æ‡≤ü ‡≤¨‡≤≤‡≥ç‡≤≤‡≥ã‡≤∞‡≥ç ‡≤Ø‡≤æ‡≤∞‡≥ç ‡≤Ø‡≤æ‡≤∞‡≥ã..
‡≤∂‡≤ø‡≤µ‡≤®‡≥á ‡≤®‡≤ø‡≤®‡≥ç‡≤®‡≤æ‡≤ü ‡≤¨‡≤≤‡≥ç‡≤≤‡≥ã‡≤∞‡≥ç ‡≤Ø‡≤æ‡≤∞‡≥ç ‡≤Ø‡≤æ‡≤∞‡≥ã, ‡≤∂‡≤ø‡≤µ‡≤æ..
‡≤ö‡≤∞‡≤£ 2:
‡≤¶‡≥å‡≤≤‡≤§‡≥ç‡≤§‡≤≤‡≥ç ‡≤Æ‡≥Ü‡≤∞‡≤¶‡≥ã‡≤∞‡≥Ü‡≤≤‡≥ç‡≤≤ ‡≤π‡≤ø‡≤∏‡≥ç‡≤ü‡≤∞‡≤ø ‡≤≤‡≤ø ‡≤â‡≤≥‡≤ø‡≤¶‡≥Ü‡≤Ø‡≤ø‡≤≤‡≥ç‡≤≤..
‡≤ï‡≤æ‡≤≤‡≥á‡≤≥‡≥Ü‡≤Ø‡≥ã‡≤ï‡≥ç ‡≤¨‡≤Ç‡≤¶‡≥ã‡≤∞‡≥Ü‡≤≤‡≥ç‡≤≤ ‡≤ï‡≤æ‡≤≤ ‡≤ï‡≥Ü‡≤≥‡≥ç‡≤ó‡≥Ü ‡≤â‡≤≥‡≥ç‡≤¶‡≥ä‡≤¶‡≥ç‡≤∞‡≤≤‡≥ç‡≤≤
‡≤®‡≥Ä‡≤®‡≥ç ‡≤Ö‡≤Ç‡≤§‡≥ã‡≤®‡≥ç ‡≤Ö‡≤≤‡≥ç‡≤µ‡≥á ‡≤Ö‡≤≤‡≥ç‡≤≤...‡≤®‡≥Ä‡≤®‡≥ç ‡≤Ö‡≤Ç‡≤§‡≥ã‡≤®‡≥ç ‡≤Ö‡≤≤‡≥ç‡≤µ‡≥á ‡≤Ö‡≤≤‡≥ç‡≤≤... ‡≤®‡≤ø‡≤®‡≥ç‡≤®‡≤Ç‡≤ó‡≥Ü ‡≤Ø‡≤æ‡≤∞‡≥Å ‡≤á‡≤≤‡≥ç‡≤≤..
‡≤¨‡≤ï‡≥á‡≤ü‡≤æ ‡≤π‡≤ø‡≤°‡≤ø‡≤Ø‡≥ã‡≤∞‡≥ç‡≤®‡≥Ü‡≤≤‡≥ç‡≤≤ ‡≤∏‡≥à‡≤°‡≤ø‡≤ü‡≥ç‡≤ü‡≥Å ‡≤π‡≥ã‡≤Ø‡≥ç‡≤§‡≤Ø‡≥Ä‡≤∞‡≥ç‡≤≤‡≤æ ..
‡≤¨‡≥Ü‡≤≥‡≥Ü‡≤¶ ‡≤¨‡≥Ü‡≤≥‡≥Ü‡≤¶ ‡≤¨‡≥Ü‡≤≥‡≥Ü‡≤¶ ‡≤®‡≥ã‡≤°‡≥ã..
‡≤ó‡≥Å‡≤∞‡≥Å‡≤µ‡≥á ‡≤®‡≤ø‡≤®‡≥ç‡≤®‡≤æ‡≤ü ‡≤¨‡≤≤‡≥ç‡≤≤‡≥ã‡≤∞‡≥ç..‡≤ó‡≥Å‡≤∞‡≥Å‡≤µ‡≥á ‡≤®‡≤ø‡≤®‡≥ç‡≤®‡≤æ‡≤ü ‡≤¨‡≤≤‡≥ç‡≤≤‡≥ã‡≤∞‡≥ç..
‡≤ó‡≥Å‡≤∞‡≥Å‡≤µ‡≥á ‡≤®‡≤ø‡≤®‡≥ç‡≤®‡≤æ‡≤ü ‡≤¨‡≤≤‡≥ç‡≤≤‡≥ã‡≤∞‡≥ç ‡≤Ø‡≤æ‡≤∞‡≥ç ‡≤Ø‡≤æ‡≤∞‡≥ã..
‡≤∂‡≤ø‡≤µ‡≤®‡≥á ‡≤®‡≤ø‡≤®‡≥ç‡≤®‡≤æ‡≤ü ‡≤¨‡≤≤‡≥ç‡≤≤‡≥ã‡≤∞‡≥ç ‡≤Ø‡≤æ‡≤∞‡≥ç ‡≤Ø‡≤æ‡≤∞‡≥ã, ‡≤∂‡≤ø‡≤µ‡≤æ..
‡≤∂‡≤ø‡≤µ‡≤æ..‡≤∂‡≤ø‡≤µ‡≤æ..‡≤∂‡≤ø‡≤µ‡≤æ..‡≤∂‡≤ø‡≤µ‡≤æ..‡≤∂‡≤ø‡≤µ‡≤æ..
----------------------------------------------
Shiva Shiva Song Music Credits 
Music Arranged & Produced by : ARJUN JANYA 
Keyboard & Rhythm Programming : V Sukumar 
Flute : Naveen
Recorded at : Berachah Studio Chennai by David Selvam
Ethnic strings & Guitars : Amal Raj
Live drums ,Trash, bass Dhol ,Tapes by : Taufiq Qureshi & Team Mumbai 
Live Drums & Percussions : Shivamani 
Recorded at : YRF Studio Mumbai
Indian Rhythm : Lekshmi Narayanan, Raju, Lekshmikanth,Pyarlal
Live Drum & Precision : Purushothaman R & Vetry 
Recorded at : JAS Studio Chennai 
EllF√© Choir by Roe Vincent Chennai 
Male Vocals : Deepak blue ,Jithin , Renjith Unni ,Shenbakaraj 
Rapper : Hyde karthi
Recorded at : JAS Studio Chennai 
Orchestra Coodinator : L V Sudhakar 
Recorded at : JAS Studio 
Engineer : Alex Prince (NZ)
Studio Assistant : J Prabhu , Veeraragaven , Sasi
Stem mix and pre mix : David Selvam 
Mix & master : Eric pillai , Future sound of bombay
----------------------------------------------
Movie Name: KD-The Devil
‚ô™ Banner: KVN Productions
‚ô™ Producer: KVN
‚ô™ ‚Å†Director: Prem‚Äôs 
‚ô™ ‚Å†Head-Business & Operations: Suprith
‚ô™ ‚Å†Dop: William David 
‚ô™ ‚Å†Music Director: Arjun Janya 
‚ô™ ‚Å†Art Director: Mohan B Kere
‚ô™ ‚Å†Editor: Sanketh Achar
‚ô™ ‚Å†Edit Supervisor:Srinivas P Babu, 
‚ô™ ‚Å†Lyricist (Kannada): Prem‚Äôs, Manjunath Bs
‚ô™ ‚Å†Lyricist (Telugu): Chandra Bose
‚ô™ ‚Å†Lyricist (Tamil): Madhan Karky
‚ô™ ‚Å†Lyricist (Malayalam): Mankompu Gopalakrishnan
‚ô™ ‚Å†Lyricist (Hindi): Raqueeb Alam
‚ô™ ‚Å†Dialogues: Kraanthi Kumar
‚ô™ ‚Å†Co-Directors: Ravi Saranga, Manjunath BS
‚ô™ ‚Å†Direction Department: Ravindra Babu, Ayyappa Sb,Lokesh DP, Devraj, Shivulinga, Bharath L,Vikas
‚ô™ ‚Å†Choreographers: Raju Sundaram, Jani Master, Nagesh V Reddy, Bhajarangi Mohan, Bhushan, Rahul
‚ô™ ‚Å†Action Directors : Dr. K.Ravi Varma, Raam-Lakshman, Mass Madhu, Narasimha,
‚ô™ ‚Å†VFX:Phoenix Prem Studio
‚ô™ ‚Å†VFX supervisor : Nirmal kumar,Sanketh achar
‚ô™ ‚Å†DI: Ashik Kusugolli
‚ô™ ‚Å†DI studio : Unifi Media 
‚ô™ ‚Å†Poster Design: Santosh (Kaani Studios)
‚ô™ ‚Å†Costume Designer: Chetan Ra
‚ô™ ‚Å†Cast: Dhruva Sarja, Reeshma Nanaiah, V Ravichandran
   Ramesh Aravind, Sanjay Dutt, Shilpa Shetty, Nora Fatehi, Yash Shetty
‚ô™ Record Label: AANANDA AUDIO VIDEO
--------------------------------------------
Enjoy & stay connected with us!
üëâ Subscribe to aanandaaudio: https://www.youtube.com/aanandaaudio
üëâ Follow us on X: https://twitter.com/aanandaaudio
üëâ Like us on Facebook: https://www.facebook.com/aanandaaudio
üëâ Follow us on Instagram: https://www.instagram.com/aanandaaudio
üëâ Join our WhatsApp broadcast channel :  https://whatsapp.com/channel/0029VaEeh1J1SWsxD2MUc941
----------------------------------------------
VISIT OUR OTHER OFFICIAL CHANNELS:-
‚ñ∫Anand Audio Main Channel : https://tinyurl.com/24mjqzoj 
‚ñ∫Anand Audio Kannada : https://tinyurl.com/2xhlnuzn
‚ñ∫Anand Audio Kannada Video Songs : https://tinyurl.com/2afcloms
‚ñ∫Anand Audio Devotional : https://tinyurl.com/25dch6fw
‚ñ∫Anand Audio Kannada Lyrical Songs : https://tinyurl.com/2753ywc8","['Shiva Shiva Song', 'Siva Siva Song', 'Shiva Shiva Lyrical Video', 'Shiva Shiva Video Song', 'KD Songs', 'Dhruva Sarja', 'KD The Devil', 'KD Movie Songs', ""Prem's"", 'Arjun Janya', 'Arjun Janya Latest Songs', 'Shiva Shiva', 'Kannada Latest Songs', 'Kailash Kher', 'Vijay Prakash Songs', 'Vijay Prakash', 'Latest Kannada Song', 'Kannada Movie Songs', 'Reeshma Nanaiah', 'shivane ninnata', 'Dhruva Sarja Latest Song', 'Dhruva Sarja Latest Movie', 'New Year Song', 'Kannada Songs 2025', '2025 Kannada Songs', 'kannada', 'KD']",24,14106688,354580,4462,PT3M37S,2024-12-24T05:34:25Z
Finding iPhone in Trash - ‡§ï‡•Ç‡§°‡§º‡•á ‡§Æ‡•á‡§Ç ‡§Æ‡§ø‡§≤‡•Ä ‡§ï‡•Ä‡§Æ‡§§‡•Ä ‡§ö‡•Ä‡§ú‡§º‡•á‡§Çüî•,"Vlog Channel - https://www.youtube.com/@alfazsumravlogs

Instagram : https://www.instagram.com/thealfazsumra/","['the experiment tv', 'finding iPhone in trash', 'iPhone', 'smartphone in trash', 'can you find iPhone in trash', 'the experiment tv new video', 'challenge']",28,670625,37492,1175,PT21M51S,2024-12-26T13:29:56Z
Bigg Boss 18 WKV PROMO | Salman Khan ANGRY | Ainvash Ke Masle Me Kashish Ne Ki Salman Se ARGUMENT,"Bigg Boss 18 WKV PROMO | Salman Khan ANGRY | Ainvash Mishra Ke Masle Me Kashish Kapoor Ne Ki Salman Se ARGUMENT

Hungama Studio: Your Trusted Source of Exclusive Bigg Boss 18 Promo,  Bollywood,  Bigg Boss Update, Bollywood News Update, TV Show, TV News & Promo, Celebrities Interviews, Breaking News, Sports, Gossips, Preview, Coverage, Entertainment & Exclusive Segments With Your Favorite Celebrities! Subscribe to Stay Updated.

Subscribe HUNGAMA: https://www.youtube.com/@HungamaStudio

Conect With Us On Social Media:
https://instagram.com/HungamaStudio
https://www.facebook.com/HungamaStudios
https://twitter.com/HungamaStudios
https://www.linkedin.com/company/hungamastudio

Official Website For More Update: 
https://www.hungamastudio.com

Thanks For Watching

#BiggBoss18 #BiggBoss #BB18 #SalmanKhan #ColorsTV #HungamaStudio #BiggBossPromo #VivianDsena #RajatDalal #KaranveerMehra #ChahatPandey #AvinashMishra #ShrutikaArjun #EishaSingh #AliceKaushik #ShilpaShirodkar #KashishKapoor #DigvijaySinghRathee #SaraKhan #TajinderBagga #ChumDarang","['HUNGAMA', 'bigg boss 18 promo', 'bigg boss 18 new promo', 'bigg boss 18 live', 'bigg boss 18 update', 'bigg boss 18 full episode', 'bigg boss 18 fight', 'bigg boss 18 promo today', 'bigg boss 18 top 5 contestant', 'bigg boss', 'bigg boss 18 elimination', 'bigg boss 18 vivian dsena', 'bigg boss 18 nomination', 'bigg boss 18 eviction', 'bigg boss 18 voting', 'big boss 18 highlight', 'hungama studio', 'bigg boss 18 tomorrow promo', 'bigg boss 18', '‡§¨‡§ø‡§ó‡•ç‡§ó ‡§¨‡•â‡§∏ 18', 'vivian dsena', 'karanveer mehra', 'avinash mishra', 'BB']",24,967082,13447,1460,PT1M36S,2024-12-27T08:48:15Z
Bigg Boss Tamil Season 8 | 27th December 2024 - Promo 1,"#Day82 #Promo1 of #BiggBossTamil 

Bigg Boss Tamil Season 8 - ‡Æá‡Æ©‡Øç‡Æ±‡ØÅ ‡Æá‡Æ∞‡Æµ‡ØÅ 9:30 ‡ÆÆ‡Æ£‡Æø‡Æï‡Øç‡Æï‡ØÅ ‡Æ®‡ÆÆ‡Øç‡ÆÆ ‡Æµ‡Æø‡Æú‡ÆØ‡Øç ‡Æü‡Æø‡Æµ‡Æø‡Æ≤..  #BiggBossTamilSeason8 #VJStheBBhost #VijaySethupathi #AalumPudhusuAattamumPudhusu #BiggBossTamil #BBT #BBTamilSeason8 #‡Æ™‡Æø‡Æï‡Øç‡Æ™‡Ææ‡Æ∏‡Øç  #Disneyplushotstartamil #VijayTelevision #VijayTV","['biggboss', 'tamil', 'vijay television', 'starvijay', 'VijaySethupathi', '‡Æ§‡ÆÆ‡Æø‡Æ¥‡Øç', '‡Æµ‡Æø‡Æú‡ÆØ‡Øç ‡Æü‡Æø‡Æµ‡Æø', '‡Æ§‡Øä‡Æ≤‡Øà‡Æï‡Øç‡Æï‡Ææ‡Æü‡Øç‡Æö‡Æø', 'Tamil TV', 'Tamil Shows', 'Redefining Entertainment', 'Star', 'Star Vijay TV', 'Vijay TV', 'hotstar', 'Kamal Haasan', 'Bigg Boss', 'Bigg Boss Tamil 8', '‡Æ™‡Æø‡Æï‡Øç‡Æ™‡Ææ‡Æ∏‡Øç', '‡Æ™‡Æø‡Æï‡Øç‡Æ™‡Ææ‡Æ∏‡Øç 8', 'Bigg Boss Season 8', 'Teaser', 'VJStheBBhost']",24,2714483,60373,2821,PT35S,2024-12-27T03:30:07Z
‡∞á‡∞Ç‡∞ü‡±ç‡∞≤‡±ã ‡∞é‡∞≤‡∞æ ‡∞â‡∞®‡±ç‡∞®‡∞æ ‡∞¨‡∞Ø‡∞ü ‡∞™‡∞¶‡±ç‡∞ß‡∞§‡∞ø‡∞ó‡∞æ ‡∞â‡∞Ç‡∞°‡∞æ‡∞≤‡∞ø.. | Daggubati Suresh Babu | Allu Arjun | 10TV Ent,"‡∞á‡∞Ç‡∞ü‡±ç‡∞≤‡±ã ‡∞é‡∞≤‡∞æ ‡∞â‡∞®‡±ç‡∞®‡∞æ ‡∞¨‡∞Ø‡∞ü ‡∞™‡∞¶‡±ç‡∞ß‡∞§‡∞ø‡∞ó‡∞æ ‡∞â‡∞Ç‡∞°‡∞æ‡∞≤‡∞ø.. | Daggubati Suresh Babu | Allu Arjun | 10TV Ent
#SureshBabu #AlluArjun #10TVEt
For More Updates 
Watch 10TV LIVE  - https://www.youtube.com/watch?v=byG7EGw9NPs

#Pushpa2 #GameChanger 
‚òõ Subscribe us @ https://bit.ly/2Fc6rhb
‚òõ Subscribe to our Agriculture channel: https://bit.ly/327z4Te
‚òõ Website: http://www.10tv.in
‚òõ Facebook: https://www.facebook.com/10TVNewsTelugu/
‚òõ Twitter:  https://twitter.com/10TVNewsTelugu
‚òõ Instagram: https://bit.ly/3oK0AUu


10tv News Channel Owned by Spoorthi Communications Private Limited. 10Tv is one of the leading News channels which the delivers National and International And Regional News Streaming 24/7.10Tv has its wings spread all over the world to deliver the trustful news.Channel Dedicated to General News, LiveReports, Breaking News, Sports News, Weather News, 'B' Entertainments, Business Updates, Big Debates, Exclusive Interviews etc.


Thank You For Visiting..
Visit Again -Team 10TV","['telugu movie news', 'entertainment news', 'tollywood news', 'telugu new movies', 'telugu movie songs', 'new ott movies telugu', 'Pushpa 2', 'mahesh babu rajamouli movie updates', 'og movie update', 'Game Changer', 'The Raja Saab', 'exclusive interview', 'interview', 'movie updates telugu', 'vishwambhara', 'Hari Hara Veera Mallu movie', 'Thandel', '10TV', '10TV ET', '10TV Live Telugu', '10TV Latest Updates', '10tv entertainment']",24,324834,1902,379,PT4M38S,2024-12-26T17:21:47Z
Our Paal Kaachal | Pearle Maaney | Srinish Aravind | Baby Nila & Nitara,"Join us as we show you our new first flat and celebrate our housewarming with Baby Nila & Nitara! Watch as we make memories in our new home together.

Join this channel to get access to perks:
https://www.youtube.com/channel/UCeALltNJ6GDNRwA0B7clXyA/join
---------------------------------------------------------
For Business Inquiries : 
pearleproductions2020@gmail.com

----------------------------------------------------------
Follow me on :
Spotify : https://open.spotify.com/show/5TWS6FqK6jVGfHadP5yryZ
Subscribe to our tech channel : https://www.youtube.com/@pearletechnick
Like me on Facebook @ https://www.facebook.com/PearleMaaney...
Follow me on Instagram @ https://www.instagram.com/pearlemaany
Follow Srinish on instagram : @ https://www.instagram.com/srinish_aravind

#pearlemanney #srinisharavind #nilasrinish #nitarasrinish #housewarming #merrychristmas","['pearle maaney', 'pearly', 'pearle maaney youtube channel', 'pearle maaney show', 'pearle maaney new video', 'nila pearle maaney', 'pearle maaney pregnancy', 'pearle maaney nila', 'pearly mani youtube channel', 'pearle maaney pregnant again', 'pearle maaney baby', 'pearle maaney funny moments', 'pearle pregnant', 'perley money youtube channel', 'nila pearle srinish', 'malayalam vlog', 'baby nitara', 'bigg boss malayalam', 'Pearlish home tour', 'new home']",24,1556564,41464,2258,PT12M14S,2024-12-25T05:41:25Z
Cheap Song - Lyrical [Kannada] | #UITheMovie | Upendra |Ajaneesh B|Lahari Films|Venus Enterrtainers,"Here's the #Cheap Lyrical Video Song from #UITheMovie

#uithemovie is an Pan-Indian film Directed and Acted by the acclaimed hitmaker Real Star #Upendra & Produced by G. Manoharan & KP Sreekanth under the banner ‚ÄòLahari Films LLP‚Äô & ‚ÄúVenus Enterrtainers‚Äù

#CheapSong #UITheMovie #upendra #nimmaupendra #ajaneeshlokanath #uppidirects #laharifilm #venusenterrtainers #Cheap #CheapVideoSong

Directed by: Real Star #Upendra
Banner: Lahari Films & Venus Enterrtainers
Produced by: G Manoharan - Sreekanth KP
Co - Produced by: Naveen Manoharan
Executive Producer(S): G Thulasiram (Lahari Velu), G Ramesh, G Anand, Chandru Manoharan & Nagendra

Song Name: Cheap Song
Lyrics: Upendra 
Singers: Vijay Prakash, Nakash Aziz & Deepak Blue
Music : B. Ajaneesh Loknath 

Keyboard : B. Ajaneesh Loknath 
Rhythm: Ricky D‚ÄôCosta , Kalyan Chakravarthy & B. Ajaneesh loknath 

Live Percussions: Shruthi Raja 

Additional Vocals:
B. Ajaneesh Loknath 
Abhishek M R
Anirudha Bhargav 
Gagan Puranik 
Hrushikesh B R

Music Production:
C.R. Bobby
B. Ajaneesh Loknath 
ABBS STUDIOS
Bangalore 

Mixed by : B. Ajaneesh Loknath 

Recorded by 
Amey Londha 
Audio Garage 
Mumbai

Ashwin
Prabhath Studio 
Bangalore

V.Kumar
Sur Productions 
Bangalore 

Kashyap 
Fen
2bar Q studio
Chennai

DOP: H.C. Venu 
Music: B Ajaneesh Loknath 
Editor: Vijay Raj BG 
Art Director: Shivakumar.J 
Stunt: Thriller Manju, Ravi Varma, Chethan D'souza
Co-Director: M N Krishna Lekhana 
Associate Director: Vivek Datta, Prashanth A.P
VFX Supervisor: Nirmal Kumar (Radiance Fx) 
Colorist: Ashik Kusugolli 
Sound Design: VG Rajen 
Dolby Atmos Engineer: L. Satish Kumar 
Direction Team: Vedika, Manoj Das, Kishore Krishnamurthy, Sai Charan C Rai, Pardha Saradhi M, Abhijna R.N 
Production In-charge: Satish Kumar Billadi 
Production Manager: Kiran, Anil 
Costume Designers: Bharath Sagar, Varshini Janakiram 
Company Costume: Narayan 
Art Associates: Kiran Ajay Kumar, Manu Prasad, Sunil Nandagudi 
Publicity & Marketing: Puneeth Kumar 
Marketing: Walls and Trends

---------------------------

Enjoy & stay connected with us!!

Subscribe to our YouTube Channel : http://bit.ly/1hE4KpS‚Äã
Follow us on Instagram: https://instagram.com/laharimusic/
Like us on Facebook: https://facebook.com/laharimusic
Follow Us on Twitter: https://twitter.com/LahariMusic
Follow Us on Sharechat: https://bit.ly/3rI5vG7
Follow Us on Moj: https://mojapp.in/@laharimusicofficial","['ui the movie', 'upendra new movie', 'upendra', 'upendra ui teaser', 'ui movie teaser', 'ui kannada movie', 'reshma nanaiya', 'upendra movie', 'ui kannada movie trailer', 'ui upendra movie telugu', 'ui teaser', 'ui new movie trailer', 'upendra telugu movie', 'upendra ui movie telugu', 'lahari music', 'lahari production', 'lahari films', 'ui movie kannada', 'cheap song', 'cheap video song', 'cheap song kannada', 'ui songs', 'ui movie songs', 'ui kannada movie songs', 'ui movie songs kannada', 'ui movie trailer']",10,375919,22226,758,PT3M1S,2024-12-26T14:29:07Z
BB Ki Vines- | Din Hagna Da |,"Babloo requests his son Bhuvan to accompany him to his old friend‚Äôs home which is also a wedding house.

#DinHagnaDa #bbkivines #bhuvanbam

ABOUT:
Bhuvan Bam is a comedian, singer-songwriter, actor and entrepreneur. He created the entire universe of BB Ki Vines, a content power house, to see more of his content follow him on

Instagram‚ñ∫ https://www.instagram.com/bhuvan.bam22/           
Facebook‚ñ∫ https://www.facebook.com/BBkiVines/
Twitter‚ñ∫https://twitter.com/Bhuvan_Bam and https://twitter.com/BBkv22.

Checkout Bhuvan Bam Originals: https://bit.ly/3BohxZK

Buy my merchandise from www.youthiapa.com","['india got latent', 'india got latent bb ki vines', 'bb ki vines india got latent', 'samay raina', 'new show', 'new video', 'bb ki vines', 'new episode', 'india got latent new episode', 'india got latent new video', 'india got latent bonus episode', 'india got latent deleted scenes', 'india got latent bhuvan bam', 'india got latent bhuvan', 'india got latent bhuvan bam episode', 'bhuvan bam india got latent', 'bhuvan india got latent', 'bhuvan bam in india got latent', 'samay raina and bhuvan bam', 'bhuvan bam']",24,12124229,2346722,60438,PT8M36S,2024-12-23T12:30:00Z
"#VIDEO | ‡§∂‡•Ä‡§§‡§≤‡§π‡§∞‡•Ä | #Khesari Lal Yadav, #Neha Raj | Sitalahari | Bhojpuri Hit Song 2024","üëâ Subscribe Now:-  https://goo.gl/j2d2Th


If you like Bhojpuri song, Bhojpuri full film and bhojpuri movie songs, Subscribe Now:- https://goo.gl/j2d2Th

Visit our website to download our songs and videos: http://www.khesarientertainment.in

Like Us On Facebook - https://www.facebook.com/khesarimusicworld/

Album :- ‡§∂‡•Ä‡§§‡§≤‡§π‡§∞‡•Ä
Song :- Sitalahari
Singer :- Khesari Lal Yadav, Neha Raj 
Lyrics :- Akhilesh Kashyap
Music :- Arya Sharma
Composer :- Adarsh singh
Director :- Pawan Pal
Editor - Angad Pal
Poster - Arun Dev 
Digital Managed By :- Global Music Junction Pvt. Ltd.
Company/Label - Khesari Music World","['Khesari Lal Yadav', 'khesari lal yadav song', 'khesari lal yadav new song 2025', 'khesari lal yadav ka song 2025', 'khesari lal new song', 'khesari lal yadav neha raj song 2025', 'khesari lal yadav hits', '‡§∂‡•Ä‡§§‡§≤‡§π‡§∞‡•Ä song', 'Sitalahari khesari lal yadav', 'Sitalahari song', 'Sitalahari', 'Sitalahari neha raj', 'khesari lal yadav neha raj song', 'khesari lal song 2025', 'khesari lal yadav new song', 'video', 'song', 'new', 'lagan song', 'lagan special', 'hit khesari lal', '‡§∂‡•Ä‡§§‡§≤‡§π‡§∞‡•Ä ‡§ñ‡•á‡§∏‡§æ‡§∞‡•Ä ‡§≤‡§æ‡§≤ ‡§Ø‡§æ‡§¶‡§µ', '‡§®‡•á‡§π‡§æ ‡§∞‡§æ‡§ú', '‡§∂‡•Ä‡§§‡§≤‡§π‡§∞‡•Ä']",10,1427993,119125,20943,PT3M31S,2024-12-26T09:30:25Z
Totka (‡§ü‡•ã‡§ü‡§ï‡§æ) | Sukki Dc | We Are One,"Follow us on instagram : https://www.instagram.com/team_weareone/

On Facebook : https://www.facebook.com/WeAreOnejustforfun?mibextid=LQQJ4d

Shoot by : Mohit bainsla

Edited by : Krishan Bhardwaj, Mohit bainsla 

Background music : Dc 

Script by : Team We Are One

Thumbnail : Raj Sharma 

sukki dc new video
sukki dc funnyvideo
sukki dc comedy
we are one comedy
we are one funny
Managed by: Sociopool India pvt ltd",[],23,525966,29519,1266,PT18M3S,2024-12-25T12:30:33Z
Emirates Business Class Review | Diya Krishna | Ozy Talkies,#diyakrishna #aswinganesh #ozytalkies,[],22,423870,7913,348,PT32M32S,2024-12-26T12:16:04Z
Siragadikka Aasai | 25th to 28th December 2024 - Promo,‡Æö‡Æø‡Æ±‡Æï‡Æü‡Æø‡Æï‡Øç‡Æï ‡ÆÜ‡Æö‡Øà - ‡Æ§‡Æø‡Æô‡Øç‡Æï‡Æ≥‡Øç ‡ÆÆ‡ØÅ‡Æ§‡Æ≤‡Øç ‡Æö‡Æ©‡Æø ‡Æá‡Æ∞‡Æµ‡ØÅ 9 ‡ÆÆ‡Æ£‡Æø‡Æï‡Øç‡Æï‡ØÅ ‡Æ®‡ÆÆ‡Øç‡ÆÆ ‡Æµ‡Æø‡Æú‡ÆØ‡Øç ‡Æü‡Æø‡Æµ‡Æø‡Æ≤...... Click here - https://www.hotstar.com/in/shows/siragadikka-aasai/1260128356 to watch the show on Disney+ Hotstar. #SiragadikkaAasai #VijayTelevision,"['Siragadikka Aasai', 'Star', 'Star Vijay TV', 'Vijay TV', 'Vijay', '‡Æ§‡ÆÆ‡Æø‡Æ¥‡Øç', '‡Æµ‡Æø‡Æú‡ÆØ‡Øç', '‡Æü‡Æø‡Æµ‡Æø', '‡Æ§‡Øä‡Æ≤‡Øà‡Æï‡Øç‡Æï‡Ææ‡Æü‡Øç‡Æö‡Æø', 'Tamil TV', 'Tamil Shows']",24,3401606,69211,2003,PT40S,2024-12-25T04:30:15Z
"‡§™‡§Ç‡§ï‡§ú‡§æ ‡§Æ‡•Å‡§Ç‡§°‡•á, ‡§ß‡§®‡§Ç‡§ú‡§Ø ‡§Æ‡•Å‡§Ç‡§°‡•á ‡§Ø‡§æ‡§Ç‡§ö‡•ç‡§Ø‡§æ‡§∏‡•ã‡§¨‡§§ ‡§´‡•ã‡§ü‡•ã, ‡§ï‡§Æ‡§∞‡•á‡§≤‡§æ ‡§¨‡§Ç‡§¶‡•Ç‡§ï ‡§≤‡§æ‡§µ‡§£‡§æ‡§∞‡•á ‡§™‡§∞‡§≥‡•Ä‡§§‡§≤‡§æ Nikhil Kailas Phad ‡§ï‡•ã‡§£ ‡§Ü‡§π‡•á?","#NikhilPhad #KailasPhad #Gun #KailasPhad #SantoshDeshmukh #Beed #Parli #PankajaMunde #DhananjayMunde #WalmikKarad  

‡§¨‡•Ä‡§°‡§ö‡•ç‡§Ø‡§æ ‡§Æ‡§∏‡•ç‡§∏‡§æ‡§ú‡•ã‡§ó ‡§Æ‡§ß‡•ç‡§Ø‡•á ‡§ò‡§°‡§≤‡•á‡§≤‡•ç‡§Ø‡§æ ‡§∏‡§∞‡§™‡§Ç‡§ö ‡§∏‡§Ç‡§§‡•ã‡§∑ ‡§¶‡•á‡§∂‡§Æ‡•Å‡§ñ ‡§Ø‡§æ‡§Ç‡§ö‡•ç‡§Ø‡§æ ‡§ñ‡•Ç‡§®‡§æ‡§®‡§Ç ‡§Æ‡§π‡§æ‡§∞‡§æ‡§∑‡•ç‡§ü‡•ç‡§∞ ‡§π‡§æ‡§¶‡§∞‡•Å‡§® ‡§®‡§ø‡§ò‡§æ‡§≤‡§æ ‡§Ü‡§π‡•á. ‡§Ø‡§æ ‡§ò‡§ü‡§®‡•á‡§Æ‡•Å‡§≥‡•á ‡§¨‡•Ä‡§°‡§Æ‡§ß‡•Ä‡§≤ ‡§ï‡§æ‡§Ø‡§¶‡§æ ‡§∏‡•Å‡§µ‡•ç‡§Ø‡§µ‡§∏‡•ç‡§•‡•á‡§ö‡•á ‡§§‡•Ä‡§® ‡§§‡•á‡§∞‡§æ ‡§µ‡§æ‡§ú‡§≤‡•á‡§≤‡•á ‡§Ö‡§∏‡§≤‡•ç‡§Ø‡§æ‡§ö‡§Ç ‡§¶‡§ø‡§∏‡•Ç‡§® ‡§Ø‡•á‡§§‡§Ç‡§Ø. ‡§≠‡§æ‡§ú‡§™ ‡§Ü‡§Æ‡§¶‡§æ‡§∞ ‡§∏‡•Å‡§∞‡•á‡§∂ ‡§ß‡§∏, ‡§Ü‡§Æ‡§¶‡§æ‡§∞ ‡§∏‡§Ç‡§¶‡•Ä‡§™ ‡§ï‡•ç‡§∑‡•Ä‡§∞‡§∏‡§æ‡§ó‡§∞ ‡§Ø‡§æ‡§Ç‡§®‡•Ä ‡§Ø‡§æ ‡§™‡•ç‡§∞‡§ï‡§∞‡§£‡§æ‡§µ‡§∞‡•Å‡§® ‡§Æ‡§Ç‡§§‡•ç‡§∞‡•Ä ‡§ß‡§®‡§Ç‡§ú‡§Ø ‡§Æ‡•Å‡§Ç‡§°‡•á‡§Ç‡§ö‡•á ‡§®‡§ø‡§ï‡§ü‡§µ‡§∞‡•ç‡§§‡•Ä‡§Ø ‡§µ‡§æ‡§≤‡•ç‡§Æ‡§ø‡§ï ‡§ï‡§∞‡§æ‡§°‡§æ‡§Ç‡§®‡§æ ‡§≤‡§ï‡•ç‡§∑ ‡§ï‡•á‡§≤‡§Ç ‡§ú‡§æ‡§§‡§Ç‡§Ø. ‡§Ü‡§µ‡§æ‡§¶‡§æ ‡§µ‡§æ‡§à‡§®‡•ç‡§° ‡§Æ‡§ø‡§≤‡§ö‡•ç‡§Ø‡§æ ‡§ñ‡§Ç‡§°‡§£‡•Ä‡§ö‡§æ ‡§™‡•ç‡§∞‡§ï‡§∞‡§£‡§æ‡§§ ‡§Æ‡•Å‡§Ç‡§°‡•á‡§Ç‡§ö‡•á ‡§®‡§ø‡§ï‡§ü‡§µ‡§∞‡•ç‡§§‡•Ä‡§Ø ‡§µ‡§æ‡§≤‡•ç‡§Æ‡§ø‡§ï ‡§ï‡§∞‡§æ‡§°‡§æ‡§Ç‡§µ‡§∞ ‡§ñ‡§Ç‡§°‡§£‡•Ä‡§ö‡§æ ‡§ó‡•Å‡§®‡•ç‡§π‡§æ ‡§¶‡§æ‡§ñ‡§≤ ‡§ù‡§æ‡§≤‡•á‡§≤‡§æ ‡§Ü‡§π‡•á. ‡§Ø‡§æ‡§µ‡§∞‡•Å‡§® ‡§Æ‡§Ç‡§§‡•ç‡§∞‡•Ä ‡§Ö‡§∏‡§≤‡•á‡§≤‡•ç‡§Ø‡§æ ‡§ß‡§®‡§Ç‡§ú‡§Ø ‡§Æ‡•Å‡§Ç‡§°‡•á‡§Ç‡§µ‡§∞ ‡§∏‡§∞‡§ï‡§æ‡§∞‡§Æ‡§ß‡•Ä‡§≤ ‡§Ü‡§Æ‡§¶‡§æ‡§∞‡§æ‡§Ç‡§∏‡§π ‡§µ‡§ø‡§∞‡•ã‡§ß‡•Ä‡§™‡§ï‡•ç‡§∑ ‡§§‡•ç‡§Ø‡§æ‡§Ç‡§®‡§æ ‡§Æ‡§Ç‡§§‡•ç‡§∞‡§ø‡§™‡§¶‡§æ‡§™‡§æ‡§∏‡•Ç‡§® ‡§¶‡•Ç‡§∞ ‡§†‡•á‡§µ‡§æ ‡§Æ‡§æ‡§ó‡§£‡•Ä ‡§ï‡§∞‡§§ ‡§π‡•ã‡§§‡§æ. ‡§™‡§£ ‡§Ü‡§§‡§æ ‡§§‡•ç‡§Ø‡§æ‡§Ç‡§®‡§æ ‡§™‡§æ‡§≤‡§ï‡§Æ‡§Ç‡§§‡•ç‡§∞‡•Ä‡§™‡§¶‡§æ‡§™‡§æ‡§∏‡•Ç‡§® ‡§¶‡•Ç‡§∞ ‡§†‡•á‡§µ‡§æ ‡§Ö‡§∏‡§æ ‡§∏‡•Ç‡§∞ ‡§¶‡§ø‡§∏‡§§ ‡§Ü‡§π‡•á. ‡§Ö‡§∂‡§æ‡§§‡§ö ‡§∏‡§æ‡§Æ‡§æ‡§ú‡§ø‡§ï ‡§ï‡§æ‡§∞‡•ç‡§Ø‡§ï‡§∞‡•ç‡§§‡•ç‡§Ø‡§æ ‡§Ö‡§Ç‡§ú‡§≤‡•Ä ‡§¶‡§Æ‡§æ‡§®‡§ø‡§Ø‡§æ‡§Ç‡§®‡•Ä ‡§ï‡§æ‡§Ø‡§¶‡§æ ‡§∏‡•Å‡§µ‡•ç‡§Ø‡§µ‡§∏‡•ç‡§•‡•á‡§µ‡§∞‡•Å‡§® ‡§∏‡§µ‡§æ‡§≤ ‡§â‡§™‡§∏‡•ç‡§•‡§ø‡§§ ‡§ï‡•á‡§≤‡•á ‡§Ü‡§π‡•á‡§§. 


üî¥‡§≤‡•â‡§ó ‡§á‡§® ‡§ï‡§∞‡§æ: https://www.mumbaitak.in/
Follow us on :
Google News : https://news.google.com/publications/CAAqBwgKMLeLpAsw-pW8Aw?hl=mr&gl=IN&ceid=IN%3Amr
Facebook: https://www.facebook.com/mumbaitak
Instagram: https://www.instagram.com/mumbaitak
Twitter: https://twitter.com/mumbai_tak
https://www.youtube.com/playlist?list=PLzHYo6L3SZJGBWc_BPfqMt5Yq24d_AXCa

#maharashtra #marathi #marathinews

‡§á‡§Ç‡§°‡§ø‡§Ø‡§æ ‡§ü‡•Å‡§°‡•á‡§ö‡•ç‡§Ø‡§æ ‡§Æ‡•Å‡§Ç‡§¨‡§à ‡§§‡§ï ‡§Ø‡§æ ‡§Æ‡§∞‡§æ‡§†‡•Ä ‡§Ø‡•Å‡§ü‡•ç‡§Ø‡•Ç‡§¨ ‡§ö‡•Ö‡§®‡§≤‡§µ‡§∞ ‡§Ü‡§™‡§≤‡§Ç ‡§∏‡•ç‡§µ‡§æ‡§ó‡§§. ‡§á‡§Ç‡§°‡§ø‡§Ø‡§æ ‡§ü‡•Å‡§°‡•á ‡§ó‡•ç‡§∞‡•Å‡§™‡§ö‡•á ‡§Æ‡•Ö‡§ó‡§ù‡§ø‡§®, ‡§á‡§Ç‡§°‡§ø‡§Ø‡§æ ‡§ü‡•Å‡§°‡•á ‡§ü‡•Ä‡§µ‡•ç‡§π‡•Ä ‡§Ü‡§£‡§ø ‡§Ü‡§ú ‡§§‡§ï ‡§π‡•á ‡§≤‡•ã‡§ï‡§™‡•ç‡§∞‡§ø‡§Ø ‡§®‡•ç‡§Ø‡•Ç‡§ú ‡§ö‡•Ö‡§®‡§≤ ‡§Ü‡§™‡§≤‡•ç‡§Ø‡§æ‡§≤‡§æ ‡§Æ‡§æ‡§π‡§ø‡§§‡•Ä‡§ö ‡§Ü‡§π‡•á. ‡§§‡•ç‡§Ø‡§æ‡§®‡§Ç‡§§‡§∞ ‡§Ü‡§§‡§æ ‡§ñ‡§æ‡§∏ ‡§Æ‡§∞‡§æ‡§†‡•Ä ‡§™‡•ç‡§∞‡•á‡§ï‡•ç‡§∑‡§ï‡§æ‡§Ç‡§∏‡§æ‡§†‡•Ä ‡§Ü‡§™‡§£ ‡§≠‡§æ‡§∞‡§§‡•Ä‡§Ø ‡§™‡•ç‡§∞‡§æ‡§¶‡•á‡§∂‡§ø‡§ï ‡§≠‡§æ‡§∑‡•á‡§§‡§≤‡§Ç ‡§™‡§π‡§ø‡§≤‡§Ç ‡§Æ‡§∞‡§æ‡§†‡•Ä ‡§ö‡•Ö‡§®‡§≤ ‡§ò‡•á‡§ä‡§® ‡§Ü‡§≤‡•ã‡§Ø. ‡§Æ‡§π‡§æ‡§∞‡§æ‡§∑‡•ç‡§ü‡•ç‡§∞‡§æ‡§∏‡§π ‡§∞‡§æ‡§∑‡•ç‡§ü‡•ç‡§∞‡•Ä‡§Ø ‡§Ü‡§£‡§ø ‡§Ü‡§Ç‡§§‡§∞‡§∞‡§æ‡§∑‡•ç‡§ü‡•ç‡§∞‡•Ä‡§Ø‡§∏‡•ç‡§§‡§∞‡§æ‡§µ‡§∞‡•Ä‡§≤ ‡§Æ‡§π‡§§‡•ç‡§µ‡§æ‡§ö‡•ç‡§Ø‡§æ ‡§¨‡§æ‡§§‡§Æ‡•ç‡§Ø‡§æ ‡§Ü‡§£‡§ø ‡§ò‡§°‡§æ‡§Æ‡•ã‡§°‡•Ä ‡§Ü‡§™‡§≤‡•ç‡§Ø‡§æ‡§≤‡§æ ‡§Ö‡§ó‡§¶‡•Ä ‡§∏‡•ã‡§™‡•ç‡§Ø‡§æ ‡§∂‡§¨‡•ç‡§¶‡§æ‡§Ç‡§§ ‡§∏‡§Æ‡§ú‡§æ‡§µ‡§£‡•ç‡§Ø‡§æ‡§ö‡§æ ‡§Ü‡§Æ‡§ö‡§æ ‡§™‡•ç‡§∞‡§Ø‡§§‡•ç‡§® ‡§Ö‡§∏‡§£‡§æ‡§∞ ‡§Ü‡§π‡•á. 
Namskar, Welcome to India Today group‚Äôs new Marathi YouTube channel ‚Äì Mumbai Tak. Get all the latest important stories and updates from in and around Maharashtra in Marathi. Stay Tuned to Mumbai Tak for current affairs, politics, sports, business, entertainment, literature and many more in Marathi.","['Mumbai Tak', 'Maharashtra politics', 'walmik karad vs santosh deshmukh', 'walmik karad', 'dhananjay munde', 'walmik anna karad', 'walmik karad news today', 'dhananjay munde walmik karad', 'walmik karad news', 'dhananjay munde valmik karad', 'valmik karad beed', 'valmik anna karad', 'walmik karad parli', 'beed valmik karad', 'walmik karad beed news', 'dhananjay munde on walmik karad', 'dhananjay munde news today', 'santosh deshmukh murder', 'nikhil phad', 'kailas phad', 'nikhil phad reel', 'nikhil phad viral video']",25,1386322,11952,1468,PT4M43S,2024-12-24T15:07:08Z
"Beast Reaction For @MrBeast ft. Samay Raina, Vishal Dayama, Aishwarya Mohanraj & Kaustubh Agarwal","The OGs reacting to the madness of Beast Games üí´

#BeastGamesOnPrime, watch now

Watch Now - https://bit.ly/BeastGamesOnPrime

About:
I gathered 1,000 people to fight for $5,000,000, the LARGEST cash prize in TV history! We‚Äôre also giving away a private island, Lamborghinis, and millions more in cash throughout the competition! Go watch to see the greatest show ever made!

ABOUT PRIME VIDEO
Prime Video is a one-stop entertainment destination offering customers a vast collection of premium programming in one application available across several devices. On Prime Video, customers can find their favourite Indian and international original series, movies, TV shows, and more, across multiple languages ‚Äì including Indian-produced Original series like Mirzapur, Farzi, Panchayat, The Family Man, Dhootha, Jubilee, Dahaad, Made in Heaven, Suzhal ‚Äì The Vortex, Inspector Rishi, Poacher, Indian Police Force, Paatal Lok, Rainbow Rishta, Wedding.con; Original movies like Maja Ma, Ammu, Mast Mein Rehne Ka; popular global Originals like Citadel, The Lord of The Rings: The Rings of Power, Fallout, Reacher, The Boys, The Wheel of Time, Road House, The Idea of You; some of the biggest post-theatrical films; direct-to-service films such as Shershaah, Soorarai Pottru, Sardar Udham, Bawaal, Gehraiyaan, Jai Bhim, Jalsa, Sherni, Narappa, Sarpatta Parambarai, Kuruthi, Joji, Malik, Pippa, HOME, Sharmajee Ki Beti, and many more of such titles. Additionally, Prime Video‚Äôs video entertainment marketplace, offers customers programming from partners such as Lionsgate Play, Discovery+ Crunchyroll, BBC Player, Sony Pictures ‚Äì Stream, MGM+, FanCode, Chaupal, Manorama Max, Eros Now, Hoichoi, Anime Times, to name a few, via Prime Video add-on-subscriptions, as well as the option to rent movies, regardless of whether customers have a Prime membership or not. Customers can also go behind the scenes of their favorite movies and series with exclusive X-Ray access. Prime Video is one benefit among many that provides savings, convenience, and entertainment as part of the Prime membership. For more info visit www.amazon.com/primevideo.

#samayraina #vishaldayama #aishwaryamohanraj #kaustubhagarwal #primevideoindia","['samay raina', 'samay raina comedy', 'samay funny', 'samay raina stand up comedy', 'samay raina new', 'samay raina live', 'samay raina roast', 'samay raina stand up', 'aishwarya mohanraj', 'aishwarya mohanraj stand up comedy', 'aishwarya mohanraj standup', 'vishal dayama', 'vishal dayama one liners', 'kaustubh agarwal', 'samay reacts to beast games', 'mr beast', 'beast games', 'latest on prime', 'amazon prime', 'prime video', 'prime video india', 'samay reacts', 'reaction video', 'beast games reaction']",24,571429,19534,384,PT19M10S,2024-12-26T13:00:39Z
I TRIED FLIGHT SIMULATOR,"I TRIED FLIGHT SIMULATOR
Share, Support, Subscribe!!

Flight Simulator: https://amzn.to/3ZWG2dk

X: https://x.com/ujjwalgamer
Instagram: https://www.instagram.com/ujjwalgamer/

Business Email : technogamerzofficial@gmail.com
For PR packages and Product queries only - techshotwork@gmail.com

Hit that subscribe button to join the fam on this new tech adventure!","['flight simulator', 'unboxing', 'setup', 'gadgets', 'gaming', 'funny', 'cool', 'ujjwal', 'techno gamerz']",28,2701358,92272,3627,PT20M10S,2024-12-25T03:30:11Z
Trying Egg + Air Compressor - ‡§ï‡•ç‡§Ø‡§æ ‡§è‡§ï ‡§Ö‡§Ç‡§°‡§æ ‡§à‡§Ç‡§ü ‡§ï‡•ã ‡§§‡•ã‡§°‡§º ‡§∏‡§ï‡§§‡§æ ‡§π‡•à ?...Egg Vs Brick | Day 4,"Wait For 28 December 2024 ü•öü•öü•ö
Can an egg break a brick ? Yes Or No...‡§ï‡•ç‡§Ø‡§æ ‡§è‡§ï ‡§Ö‡§Ç‡§°‡§æ ‡§à‡§Ç‡§ü ‡§§‡•ã‡§°‡§º ‡§∏‡§ï‡§§‡§æ ‡§π‡•à ?

watch üëáüëáüëáüëáüëáüëáüëá
https://youtu.be/TZLJRiXKMW8?si=OVcrqCfMiV_fwjbB",[],28,451541,32376,3638,PT5M52S,2024-12-26T09:41:52Z
Australia v India 2024-25 | Fourth Test | Day One,"19-year-old Sam Konstas captured plenty of attention with his incredible debut on Boxing Day.

Download our app for exclusive content: https://app.cricket.com.au/
More #AUSvIND videos: https://www.cricket.com.au/video 
Get our latest Podcast here: https://www.cricket.com.au/podcasts

Follow us on Facebook: https://www.facebook.com/cricketcomau      
Follow us on Instagram: https://www.instagram.com/cricketcomau      
Follow us on X (Twitter): https://www.twitter.com/cricketcomau","['cricket', 'cricket australia', 'cricket highlights', 'cricketcomau']",17,8420137,137876,4865,PT8M30S,2024-12-26T07:48:45Z
Raghuvir ‡§Ü‡§Ø‡•á Kartik ‡§ï‡§æ Case ‡§≤‡•ú‡§®‡•á | Mangal Lakshmi | ‡§Æ‡§Ç‡§ó‡§≤ ‡§≤‡§ï‡•ç‡§∑‡•ç‡§Æ‡•Ä | Sneak Peek,"üì≤ Download JioCinema: https://bit.ly/3Be09Z3

Raghuvir ‡§Ü‡§Ø‡•á Kartik ‡§ï‡§æ Case ‡§≤‡•ú‡§®‡•á | Mangal Lakshmi | ‡§Æ‡§Ç‡§ó‡§≤ ‡§≤‡§ï‡•ç‡§∑‡•ç‡§Æ‡•Ä | Sneak Peek

-----
Mangal Lakshmi unfolds as a poignant narrative, delving into the profound connection shared between two sisters, Mangal and Lakshmi. Set against life's myriad experiences, the story chronicles Mangal's odyssey in search of the ideal match, a 'dulha', for her cherished sibling, Lakshmi. As the tale progresses, it gracefully illustrates the intricacies of love, the resilience required to overcome trials, and the unwavering resolve that propels Mangal forward on her quest. Through the lens of sisterhood's enduring bond and the inexorable force of destiny, the narrative unfurls a tapestry of emotions, ultimately celebrating the timeless allure of fate in uniting kindred spirits.

Star Cast: Deepika Singh, Shubham Dipta, Naman Shaw, Upadhyay Urvashi,Vipul Tyagi
Watch more videos: https://studio.youtube.com/playlist/PLcC6hSpO26KvyK5GsXoCkHmEcoLYUPsyt/edit

To subscribe to this channel go to: http://www.youtube.com/subscription_center?add_user=colorstv

Follow us on: 
Facebook: https://www.facebook.com/ColorsTV
Instagram: https://www.instagram.com/colorstv/

 #MangalKakshmi #ColorsTV #DeepikaSingh #ShubhamDipta #NamanShaw #UpadhyayUrvashi #VipulTyagi

The accuracy, completeness, currency and/or suitability of the above video description is not endorsed by its licensor or broadcaster or the Channel. They shall not be liable for loss and/or damage arising from the video description.","['Raghuvir fight Kartik case', 'Mangal Lakshmi Episode 303', 'mangal lakshmi', 'new show on colors tv', 'mangal lakshmi new show', 'mangal lakshmi colors tv time', 'mangal lakshmi cast', 'deepika singh', 'sanika gaikwad', 'naman shaw', '‡§Æ‡§Ç‡§ó‡§≤ ‡§≤‡§ï‡•ç‡§∑‡•ç‡§Æ‡•Ä', 'mangal lakshmi full episodes', 'mangal lakshmi on jio cinema', 'mangal lakshmi written updates', 'mangal lakshmi serial', 'latest on colors tv', 'new on colors tv', 'colors tv new shows', 'colors tv serials', '‡§Æ‡§Ç‡§ó‡§≤ ‡§≤‡§ï‡•ç‡§∑‡•ç‡§Æ‡•Ä aaj ka episode']",24,442233,4909,31,PT4M59S,2024-12-27T06:20:00Z
‡¥é‡¥Ç.‡¥ü‡¥ø‡¥Ø‡µÜ‡¥®‡µç‡¥® ‡¥Ö‡¥ö‡µç‡¥õ‡µª ‡¥ú‡µÄ‡¥µ‡¥ø‡¥§‡¥§‡µç‡¥§‡¥ø‡¥®‡µç ‡¥®‡µΩ‡¥ï‡¥ø‡¥Ø ‡¥™‡¥æ‡¥†‡¥ô‡µç‡¥ô‡µæ | MT Vasudevan Nair | Aswathy V Nair,"‡¥é‡¥Ç.‡¥ü‡¥ø‡¥Ø‡µÜ‡¥®‡µç‡¥® ‡¥Ö‡¥ö‡µç‡¥õ‡µª ‡¥ú‡µÄ‡¥µ‡¥ø‡¥§‡¥§‡µç‡¥§‡¥ø‡¥®‡µç ‡¥®‡µΩ‡¥ï‡¥ø‡¥Ø ‡¥™‡¥æ‡¥†‡¥ô‡µç‡¥ô‡µæ 
#mtvasudevannair #mt #malayalamwriter 

Follow us on:

Website: 
https://www.truecopythink.media

Facebook: 
https://www.facebook.com/truecopythink

Instagram: 
https://www.instagram.com/truecopythink
...","['Truecopythink', '‡¥ü‡µç‡¥∞‡µÇ‡¥ï‡µã‡¥™‡¥ø ‡¥§‡¥ø‡¥ô‡µç‡¥ï‡µç', 'mt vasudevan nair', 'm t vasudevan nair', 'mt vasudevan nair passed away', 'mt vasudevan nair movies', 'mt vasudevan nair latest breaking news', 'mt vasudevan nair death news', 'mt vasudevan nair news', 'mt vasudevan nair death', 'mt vasudevan nair film', 'mt vasudevan nair books', 'kerala mt vasudevan nair', 'mt vasudevan nair bulletin', 'tribute to mt vasudevan nair', 'author mt vasudevan nair dies', 'mt vasudevan nair health news', 'mt vasudevan nair health condition', '‡¥é‡¥Ç.‡¥ü‡¥ø']",24,93702,558,132,PT6M58S,2024-12-26T07:04:24Z
Chacha Ji  Ko Santa Bana Diya üòç,"Folllow  me on Instagram- https://www.instagram.com/souravjoshivlogs/?hl=en
 
I hope you enjoyed this video

hit likes.
And do subscribe to my channel

Thank you so much for watching

god bless you all.
lots of  ‚ù§Ô∏è

( For Collaboration - officialsouravjoshivlogs@gmail.com","['sourav joshi', 'sourav joshi vlogs', 'family vlogs', 'daily vlogs', 'piyush joshi', 'piyush joshi vlogs', 'sourav joshi arts', 'vlogs', 'family vlog', 'KUNALI', 'KUNALI JOSHI', 'KUNALI JOSHI VLOGS', 'kunali', 'kunali vlogs', 'kunali vlog', 'kunali k toys', 'thailand vlog', 'thailand pohoch gye']",22,4349137,241806,9457,PT17M38S,2024-12-27T02:30:16Z
ROY'S CATERING | EPISODE 01 | #jismavimal #malayalamfunnyvines #malayalamcomedy,"ROY'S CATERING | EPISODE 01  #jismavimal #malayalamfunnyvines #malayalamcomedy 

Emma purchases link: https://www.emma-sleep.in/?utm_source=youtube&utm_medium=influencer&utm_campaign=Jisma&Vimal&utm_code=JV60

Promo code ""JV60""

Produced by J&V PICTURES
https://www.instagram.com/jismavimal?igsh=d25rdTZ2d2Y3dTFq

Directed by VIMAL KUMAR
https://www.instagram.com/vimal_kumar_online/

Written by JISMA & VIMAL
https://www.instagram.com/jisma_jiji_kizhakkarakattu/
https://www.instagram.com/vimal_kumar_online/

Additional screenplay - Vishnu C B

Cinematographer: NITHIN ABEY ALEXANDER
https://www.instagram.com/abey_alexander/

Editor: NASEEF YUSUF IZUDDIN (Ep 1&2), MIDHUN KRISHNA (EP 3&4)
https://www.instagram.com/naseefizuddin/
https://www.instagram.com/midhunkrishna_a/

Production Design: JISMA JIJI
https://www.instagram.com/jisma_jiji_kizhakkarakattu/

Chief Associate Director: SARATH KUMAR (Schedule 1 & 2 ), Rouf (Schedule 3)
https://www.instagram.com/da_sarathe/
 
Associate Cameran: NITHIN SUDHAKAR 
https://www.instagram.com/nithin_sudhakar/

BGM: SREERAG SURESH Sreerag Suresh
https://www.instagram.com/sreerag_musiq/

Colorist: ELDHO M REJI
https://www.instagram.com/eldhomreji_/profilecard/?igsh=dGk5NDVoNm9vYzNs
DI:  STUDIO IRIS
https://www.instagram.com/studioirisglobal/profilecard/?igsh=MTR6MGRtMnJkMmMzMg==

Production Manager: JIFFIN JIJI
https://www.instagram.com/jiffinjiji/

Mixing: NITHEESH VISWAMBHARAN
https://www.instagram.com/nitheeshviswambharan/

Sound Design: ABHISHEK CHERIAN
https://www.instagram.com/abhishekcherian__/

Foley Artist: MURUGAN, RAMKUMAR

Foley Recordist and edit: SONY JAMES

Studio: AUDIBLE TONES RECORDING STUDIOS CHENNAI

Casting, Costume & Styling: JISMA JIJI

Dubbing: THOPPIL RECORDING STUDIO
https://www.instagram.com/thoppilrecordingstudio/

Dubbing engineer: T M ABIN
https://www.instagram.com/abin.t.m/

Stills & BTS : ALBIN JOSE, ABHIJITH S K
https://www.instagram.com/albin_jose_/
https://www.instagram.com/skabhijithphotography/

Subtitle : LEON VINCENT (WordsWorth)
https://www.instagram.com/__wordsworth/

Spot editor: SAGAR P MOHAN (Schedule 1&2), MIDHUN KRISHNA (Schedule 3)
https://www.instagram.com/sagar_p_mohan/
https://www.instagram.com/midhunkrishna_a/

Assistant Spot: ALVIN SHAJI (Schedule 1&2)

Posters & Designs: ARJUN G B Designs
https://www.instagram.com/arjun_gb_/

Assistant Directors:
AYMAN MOOSA (Schedule 1,2 *3)
https://www.instagram.com/ayman__moosa/

SEHEN. H(Schedule 1&2)

SANJAY JEEVAN (Schedule 3)
https://www.instagram.com/sanjay_jeevan_/

NIVED R ASOK (Schedule 3)
https://www.instagram.com/_dev_in_/

Costume Assistant: ROMIN ROY
https://www.instagram.com/_rominroy_/

Assistant Cameraman: ROHAN  (Schedule 3)
https://www.instagram.com/roh_footage/

Art Assistants: ADISH JOY, JOMIN ROY, AKSHAY DAS(APPU)
https://www.instagram.com/adi._94/
https://www.instagram.com/jomin_roy/
https://www.instagram.com/sk_y______._/

Production Boys : SANJAY SAJITH (KABALI) (schedule 1&2), AJITH AJI (Schedule 3)
https://www.instagram.com/an_ex_extrovert/

Unit: LENS DADDY, EKA FILMS COCHIN, B&A 

Locations
John‚Äôs Village
https://www.instagram.com/johnsvillage/

M.G.Up School Perumpilly

East India street Cafe
https://www.instagram.com/east_india_cafe/

Leela‚Äôs Ladies Hostel




Main Cast:
VIMAL KUMAR (Akhil)
https://www.instagram.com/vimal_kumar_online/

JISMA JIJI (Ayana)
https://www.instagram.com/jisma_jiji_kizhakkarakattu/

ROMIN ROY (Sharaff)
https://www.instagram.com/_rominroy_/

SHARAN. S (Roy)
https://www.instagram.com/sharan.ss/

SREENATH BABU (Rakesh)
https://www.instagram.com/sreenath_babu/

SREEKANTH A.S (Santhosh)
https://www.instagram.com/sree_kanth_87/

SIVA AJAYAN (Siva)
https://www.instagram.com/siva.ajayan/

JIFFIN JIJI Yadhu)
https://www.instagram.com/jiffinjiji/

ADISH JOY (Mebi)
https://www.instagram.com/adi._94/

AYMAN MOOSA (Moosi)
https://www.instagram.com/ayman__moosa/

AMALA DOMICHAN (Amala)
https://www.instagram.com/amalaeeee/

GOPAN RAMACHANDRAN (Delivery Boy)
https://www.instagram.com/iamgopan/

VIPIN O P (Invigilator)

SAMARTH AMBUJAKSHAN (Milton)
https://www.instagram.com/samarth_ambujakshan/

FRANKO DAVIS MANJILA (Avarachan)
https://www.instagram.com/thefrankology/

MARYKUTTY CHECHI (Hostel Warden)

MILAN THURUTHIKKARA (Boy Roy)

AKSHAY DAS (ATHUL KAATTA)

AKHIL BABU  
SREEJITH D S 
AMAL UDHAYAN 
BRIJITH
NIVEDH. R ASHOK
JOMIN ROY
GURU NISHCHITHA
GADHA S 
SANJAY SAJITH (Kabali)
AKSHAYA C.K
SARATH KRISHNA(ikru)

Lots of love:
Manju Anil Kumar (Thuruthikkara ward member) and Family
Arun.P.John 
Jessy Chechi and Family
Amala and Family
Lini Renjith and Family
Joyal K Joy (Perumpilly ward member)
Jisto Sebastian
Akash and family
Seena Teacher
Midhun and Friends
Vimalettan‚Äôs Chitta
Lissy Chechi and Family
Maya Chechi
Sajana chechi","['comedy', 'jsmavimal', 'malayalamcomedy', 'jismajiji', 'vimalkumar', 'vimal', 'fictioncomedy', 'fiction', 'comedyvideo', 'malayalammovie', 'aavesham', 'avesham', 'funnycontent', 'bestfriendscomedy', 'friendscomedy', 'theatreexperience', 'actioncomedy', 'malayalamcinema', 'southindiancinema', 'south movies', 'malayalam movie hits', 'favourites', 'actors', 'malayalam actors', 'moviebuffs', 'lovers', 'lovestory', 'cutelove', 'friendship', 'catering', 'cateringcomedy', 'cateringboys', 'keralacateringboys', 'events', 'birthdaycomedy', 'funnyvines', 'southindiancomedy', 'malayalammovies', 'vines', 'fun', 'laughter']",23,1548912,53751,445,PT25M5S,2024-12-23T11:58:54Z
Trying Egg + Liquid Nitrogen - ‡§ï‡•ç‡§Ø‡§æ ‡§è‡§ï ‡§Ö‡§Ç‡§°‡§æ ‡§à‡§Ç‡§ü ‡§ï‡•ã ‡§§‡•ã‡§°‡§º ‡§∏‡§ï‡§§‡§æ ‡§π‡•à ?...Egg Vs Brick | Day 3,"Wait For 28 December 2024 ü•öü•öü•ö
Can an egg break a brick ? Yes Or No...‡§ï‡•ç‡§Ø‡§æ ‡§è‡§ï ‡§Ö‡§Ç‡§°‡§æ ‡§à‡§Ç‡§ü ‡§§‡•ã‡§°‡§º ‡§∏‡§ï‡§§‡§æ ‡§π‡•à ?

watch üëáüëáüëáüëáüëáüëáüëá
https://youtu.be/TZLJRiXKMW8?si=OVcrqCfMiV_fwjbB

SUBSCRIBE OR I TAKE YOUR GOAT
‚ïî‚ïê‚ï¶‚ïó‚ïî‚ï¶‚ïó‚ïî‚ïê‚ï¶‚ïê‚ï¶‚ï¶‚ï¶‚ï¶‚ïó‚ïî‚ïê‚ïó
‚ïë‚ïö‚ï£‚ïë‚ïë‚ïë‚ïö‚ï£‚ïö‚ï£‚ïî‚ï£‚ïî‚ï£‚ïë‚ïö‚ï£‚ïê‚ï£ 
‚ï†‚ïó‚ïë‚ïö‚ïù‚ïë‚ïë‚ï†‚ïó‚ïë‚ïö‚ï£‚ïë‚ïë‚ïë‚ïë‚ïë‚ïê‚ï£
‚ïö‚ïê‚ï©‚ïê‚ïê‚ï©‚ïê‚ï©‚ïê‚ï©‚ïê‚ï©‚ïù‚ïö‚ï©‚ïê‚ï©‚ïê‚ïù","['mr indian hacker', 'hacker new video', 'egg vs brick', 'hacker ki new video', 'indian ki video', 'vlogs', 'indian hacker vlogs', '‡§ï‡•ç‡§Ø‡§æ ‡§è‡§ï ‡§Ö‡§Ç‡§°‡§æ ‡§à‡§Ç‡§ü ‡§ï‡•ã ‡§§‡•ã‡§°‡§º ‡§∏‡§ï‡§§‡§æ ‡§π‡•à ?...Egg Vs Brick', 'mr indian hacker vlogs', 'new vlog', 'today vlog', 'new video', 'egg vs brick vlog', 'day 2', 'day 3']",28,702349,45132,2396,PT7M28S,2024-12-25T10:20:29Z
S8UL Secret Santa: The Hidden GiftsüéÑ,"üéÑ Welcome to the S8UL Secret Santa Challenge! üéÅ

In this epic holiday episode, 10 S8UL creators come together for a Secret Santa like no other. With surprises, laughter, and unforgettable gifts, you won‚Äôt believe what happens when we exchange presents with a twist! üéÖ

A HUGE shoutout to our amazing Secret Santa host, @Jokerkihavelii  for making this holiday season even more special! üéâ Without you, this wouldn't have been possible! üôè

üëâ Make sure to hit that LIKE button if you enjoyed the fun, and SUBSCRIBE for more crazy challenges and behind-the-scenes content from the S8UL family! üîî

#S8UL #SecretSanta #Joker #HolidayFun #GiftExchange #S8ULChallenge","['s8ul', '8bit', 'soul', 'mortal', 'thug', 'goldy', 'S8UL', 'Secret Santa', 'S8UL Secret Santa', 'Secret Santa Challenge', 'S8UL Creators', 'Holiday Challenge', 'Gift Exchange', 'Secret Santa Twist', 'Funny Gift Exchange', 'Christmas Challenge', 'S8UL Family', 'Epic Secret Santa', 'Holiday Fun', 'Joker S8UL', 'Secret Santa Gifts', 'Christmas 2024', 'S8UL Christmas Challenge', 'Crazy Gift Exchange', 'S8UL Video Ideas', 'Holiday Surprise']",24,594592,66838,1686,PT30M4S,2024-12-25T16:39:05Z
"Parineetii EP 977 Promo: Neeti Lekar Aayi Pari Ko Hosh Mein, Sabke Saamne Kiya Bada Kalesh","Parineetii EP 977 Promo: Neeti Lekar Aayi Pari Ko Hosh Mein, Sabke Saamne Kiya Bada Kalesh

üì¢ SPONSORSHIP & COLLABORATION
Interested in collaborating with us or sponsoring a video? We're always open to new partnerships! For business inquiries and sponsorship opportunities, please contact us at:

‚úâÔ∏è Email: sponsorship@sanskrati.in
üíº For Sponsorships: social.sanskrati.in
üìû Contact Number: 8356967009
________________________________________
üåê CONNECT WITH US ON SOCIAL MEDIA
Stay updated with our latest content, behind-the-scenes moments, and more by following us on social media:

üì∞ News Site: https://tellytashan.com/
üí¨ WhatsApp Channel: https://whatsapp.com/channel/0029VaAJlamEquiIRb4jY32C
üì∑ Instagram: https://www.instagram.com/tellytashan/
üëç Facebook: https://www.facebook.com/tellytashan
üê¶ X (formerly Twitter): https://x.com/tellytashan
üìå Pinterest: https://in.pinterest.com/tellytashan/

Welcome to Telly Tashan, your ultimate destination for all the latest updates from the Indian television industry! Don't miss out on the excitement ‚Äì subscribe now and let's embark on this thrilling journey together! üåü

#TellyTashan #TellyGossips #TellyNews","['telly tashan', 'telly updates', 'telly gossips', 'telly news in hindi', 'telly tashan news']",24,430793,5568,34,PT1M,2024-12-27T07:44:07Z
Nabeel Afridi First Exclusive Interview (Unfiltered) | Aadya Reddy | Bigg Boss Telugu 8,"Bigg Boss Telugu 8 Fame Nabeel Afridi First Exclusive Unfiltered Interview.

'MAKE SURE YOU LIKE COMMENT AND SHARE THIS VIDEO'

New here? Welcome! Subscribe to my channel - https://www.youtube.com/NabeelAfridi

FOLLOW ME:
‚ñ∫INSTAGRAM - https://www.instagram.com/iamnabeelafridi
‚ñ∫FACEBOOK - https://www.facebook.com/iamnabeelafridi
‚ñ∫TWITTER - https://www.twitter.com/iamnabeelafridi
‚ñ∫SNAPCHAT - IamNabeelAfridi
‚úâ Business Inquiries, Sponsors & Collaboration Email : nabeelafridiworks@gmail.com

Music - https://www.epidemicsound.com/referral/vgrosy/

New Video Every Wednesday!
#NabeelAfridiVlogs #WarangalDiaries","['Nabeel afridi', 'warangal diaries', 'nabeel afridi latest video', 'nabeel afridi vlogs', 'warangal diaries nabeel afridi', 'nabeel afridi', 'nabeel afridi interview', 'nabeel afridi aadya reddy', 'aadya reddy', 'nabeel afridi girlfriend', 'nabeel afridi exclusive unfiltered interview', 'nabeel afridi first interview', 'interview', 'nabeel afridi bigg boss buzz', 'nabeel afridi community issue', 'community matter', 'bigg boss telugu 8', 'bigg boss', 'bigg boss season 8 telugu', 'top 3', 'warangal ka sher', 'warangal']",24,325830,13588,474,PT42M41S,2024-12-26T06:34:12Z
Episode 98 | ‡Æé‡Æ©‡Øç‡Æ© ‡Æ®‡Ææ‡Æ©‡Øç ‡Æö‡ØÜ‡ÆØ‡Øç‡Æµ‡Øá‡Æ©‡Øç ‡Æâ‡Æ©‡Øç‡Æ©‡Øã‡Æü‡ØÅ ‡Æö‡Øá‡Æ∞ üíîüòî | web Series | Galatta Guru | Miss Madrasi,#missmadarsi #madrasi #galattaguru,"['madrasi', 'miss madrasi', 'madrasi talkies', 'killadies', 'galatta', 'galatta guru', 'trending youtube channel', 'girls zone', 'girls fzone', 'cute girls', 'arathi', 'girls lootigal', 'lootigal', 'girls attrocities', 'love', 'girls', 'tamil ponnu', 'tamil youtube channel', 'min i web series', '2020', 'break up', 'girls special']",24,519975,31860,2448,PT38M3S,2024-12-26T10:30:06Z
Bhide ‡§®‡•á ‡§°‡§æ‡§≤‡§æ Dr. Hathi ‡§™‡•á ‡§¨‡§æ‡§≤‡•ç‡§ü‡•Ä ‡§≠‡§∞ ‡§™‡§æ‡§®‡•Ä | Taarak Mehta Ka Ooltah Chashmah | New Year Countdown,"Click here to subscribe to Sony Pal: 
https://www.youtube.com/channel/UCw7xjxzbMwgBSmbeYwqYRMg

Bhide is out in his living room, relaxing as he reads the newspaper. But soon his peace gets disrupted by Tapu Sena's constant noise and he tells them to keep quiet! Find out more by watching the episode.

Show Name ‚Äì Taarak Mehta Ka Ooltah Chashmah
Star Cast ‚Äì  Dilip Joshi, Disha Vakani, Amit Bhatt, Raj Anankat
Produced By -  Asit Kumarr Modi

#TaarakMehtaKaOoltahChashmah #‡§§‡§æ‡§∞‡§ï‡§Æ‡•á‡§π‡§§‡§æ‡§ï‡§æ‡§â‡§≤‡•ç‡§ü‡§æ‡§ö‡§∂‡•ç‡§Æ‡§æ #sonypal #Latest #tmkoc #TaarakMehtaKaOoltahChashmah2023 #tmkocfunnyepisodes #hindicomedy #comedyvideo #newyearcountdown #newyear2025 

About Taarak Mehta Ka Ooltah Chashmah:
----------------------------------------------------------------------
The show is inspired by the famous humorous column 'Duniya Ne Undha Chasma' by the eminent Gujarati writer Mr Tarak Mehta. This story evolves around happenings in ""Gokuldham Co-operative Society"" and covers topical issues that are socially relevant. The show predominantly revolves around 'Jethalaal' (Dilip Joshi), an uneducated Gujarati businessman. Your 'Taarak Mehta' (Sailesh Lodha), is his neighbour. 'Jethalaal' finds a friend and philosopher in 'Taarak Mehta' and often goes to him for advice whenever he is in trouble. Jethalaal's family includes his simpleton wife 'Daya Ben' (Disha Wakani) and a mischievous son 'Tapu' (Raj Anankat). Tapu is a menace and a constant source of trouble to all the members of Gokuldham. They have often warned 'Jethalaal' to reform 'Tapu' or be prepared to leave the premises.

Click here to watch more clips from New Year Countdown: https://www.youtube.com/playlist?list=PLfyXOEyr93G2wI91egSQvmRpJMIXBOmIa

Bhide ‡§®‡•á ‡§°‡§æ‡§≤‡§æ Dr. Hathi ‡§™‡•á ‡§¨‡§æ‡§≤‡•ç‡§ü‡•Ä ‡§≠‡§∞ ‡§™‡§æ‡§®‡•Ä | Taarak Mehta Ka Ooltah Chashmah | New Year Countdown","['‡§§‡§æ‡§∞‡§ï ‡§Æ‡•á‡§π‡§§‡§æ', 'Ooltah Chashmah', 'taarak mehta latest episodes', 'taarak mehta ka ooltah chashmah', 'hindi comedy show', 'taarak new episode', 'ulta chashma', 'tarak mehta ka ultah chashma', 'taarak mehta episode', 'TMKOC latest episode', 'taark mehta new episodes', 'TMKOC new taarak mehta', 'dilip joshi', 'dilip joshi jethalal', 'TMKOC funny episodes', 'hindi comedy', '‡™§‡™æ‡™∞‡™ï ‡™Æ‡™π‡´á‡™§‡™æ ‡™ï‡™æ ‡™â‡™≤‡´ç‡™ü‡™æ ‡™ö‡™∂‡´ç‡™Æ‡™æ', 'Bhide comedy', 'old episode tmkoc', 'funnyvideos 2024', 'TMKOC comedy pal', 'TMKOC', 'palshow', 'New Year Countdown 2025']",24,549501,3640,119,PT21M15S,2024-12-24T12:30:39Z
NEW! Taarak Mehta Ka Ooltah Chashmah | Ep 4278 | 26 Dec 2024 | Teaser,"Click here to subscribe to SAB: https://www.youtube.com/channel/UC6-F5tO8uklgE9Zy8IvbdFw?sub_confirmation=1

Episode 4278: Mission Shaadi Atkao
--------------------------------------------------------
Tapu and Sonu convince the actor to help them in this situation. Will their plan work out?

Show Name ‚Äì Taarak Mehta Ka Ooltah Chashmah
Star Cast ‚Äì  Dilip Joshi, Disha Vakani, Amit Bhatt, Nitish Bhaluni
Episodes No - Ep 4278 | 26 Dec 2024
Produced By - Asit Kumar Modi

#TaarakMehtaKaOoltahChashmah #‡§§‡§æ‡§∞‡§ï‡§Æ‡•á‡§π‡§§‡§æ‡§ï‡§æ‡§â‡§≤‡•ç‡§ü‡§æ‡§ö‡§∂‡•ç‡§Æ‡§æ #sab #Latest #New #TaarakMehtaKaOoltahChashmah2024 #tmkocfunnyepisodes #hindicomedy #comedyvideo #16yearsoftmkoc  #4000episodes

About the show: 
----------------------------------------------------------------------
Taarak Mehta Ka Ooltah Chashmah is a SAB Comedy Show inspired by the famous humorous column, Duniya Ne Undha Chashmah written by the eminent Gujarati writer, Mr. Tarak Mehta. This show revolves around the Gada family which consists of businessman, Jethalal Champaklal Gada, Jethalal's wife, Daya & their naughty son, Tipendra Gada living in Gokuldham Co-operative Society, and covers topical issues that are socially relevant. This hilarious show will surely tickle your funny bone.

Click here to watch the episode of Taarak Mehta Ka Ooltah Chashmah :
https://www.sonyliv.com/shows/taarak-mehta-ka-ooltah-chashmah-1000302692

NEW! Taarak Mehta Ka Ooltah Chashmah | Ep 4278 | 26 Dec 2024 | Teaser","['Nitish Bhaluni', '‡§§‡§æ‡§∞‡§ï ‡§Æ‡•á‡§π‡§§‡§æ', 'Ooltah Chashmah', 'sab tv channel', 'taarak mehta latest episodes', 'taarak mehta ka ooltah chashmah', 'hindi comedy show', 'sab tv funny show', 'taarak new episode', 'ulta chashma', 'tarak mehta ka ultah chashma', 'taarak mehta episode', 'tmkoc todays episode', 'taark mehta new episodes', 'tmkoc teaser today', 'tmkoc new taarak mehta', 'dilip joshi', 'dilip joshi jethalal', 'tmkoc funny episode', 'tmkoc', 'tmkoc episode 4278', 'taarak mehta ka ooltah chashma teaser episode 4278']",24,2807709,45154,992,PT10M33S,2024-12-26T15:30:27Z
EXCLUSIVE: Kichcha Sudeep‚Äôs MAXclusive Interview With Anushree | Sandalwood | Anushree Anchor,"‡≤Ü‡≤∞‡≥Å ‡≤µ‡≤∞‡≥ç‡≤∑... ‡≤é‡≤™‡≥ç‡≤™‡≤§‡≥ç‡≤§‡≥Ü‡≤∞‡≤°‡≥Å ‡≤§‡≤ø‡≤Ç‡≤ó‡≤≥‡≥Å.. 228 ‡≤µ‡≤æ‡≤∞‡≤ó‡≤≥‡≥Å ....
‡≤ï‡≤æ‡≤¶ ‡≤Ü ‡≤ï‡≥ç‡≤∑‡≤£... MAXimum ‡≤ñ‡≥Å‡≤∑‡≤ø ‡≤ï‡≥ä‡≤°‡≥ã‡≤¶‡≤ï‡≥ç‡≤ï‡≥Ü.. finally ‡≤®‡≤Æ‡≥ç‡≤Æ ‡≤Ö‡≤®‡≥Å‡≤∂‡≥ç‡≤∞‡≥Ä ‡≤Ü‡≤Ç‡≤ï‡≤∞‡≥ç Youtube ‡≤ö‡≤æ‡≤®‡≥Ü‡≤≤‡≥ç ‡≤¨‡≤Ç‡≤§‡≥Å ‡≤ï‡≤ø‡≤ö‡≥ç‡≤ö‡≤® ‡≤ï‡≤≥‡≥Ü!!!!! ‡≤®‡≤ø‡≤Æ‡≥ç‡≤Æ‡≥Ü‡≤≤‡≥ç‡≤≤‡≤∞ ‡≤ï‡≤æ‡≤Ø‡≥Å‡≤µ‡≤ø‡≤ï‡≥Ü‡≤ó‡≥Ü ‡≤â‡≤§‡≥ç‡≤§‡≤∞!!

Yes it is ‡≤Ö‡≤≠‡≤ø‡≤®‡≤Ø ‡≤ö‡≤ï‡≥ç‡≤∞‡≤µ‡≤∞‡≥ç‡≤§‡≤ø Baadshah Kichcha Sudeep sir

_________________________________________

Follow me on - 
Facebook: https://www.facebook.com/AnchorAnushree/
Instagram: https://www.instagram.com/anchor_anushreeofficial
Twitter: https://twitter.com/anushreevj

_________________________________________

Marketing by Creative Guyz
[https://www.facebook.com/CreativeGuyz]
[https://www.instagram.com/Creative_Guyz]

_________________________________________

Digital Partner: Divo

In Association with Divo
https://www.facebook.com/DivoKannada/
http://www.facebook.com/divomovies
https://twitter.com/divomovies","['Kiccha Sudeep', 'MAX Interview', 'Kiccha Sudeep Interview', 'Anushree Channel', 'Sudeep Interview With Anushree', 'Anushree interview with sudeep', 'Max reviews', 'Max audience review', 'Max Kairam Vashi review', 'Max Box office collection', 'Sudeep max review', 'Max trailer', 'Max sudeep trailer', 'Max Sudeep Trailer review', 'Anushree anchor', 'Anchor anushree', 'anushree anchor', 'anushree anchor channel', 'anushree anchor interview', 'anushree anchor youtube', 'kannada movie', 'anushree interview', 'movies']",24,1266025,68467,2188,PT58M36S,2024-12-23T12:39:06Z
Abu Dhabi Trip with Sisters üëØ‚Äç‚ôÄÔ∏è| Ishaani Krishna.,#AbuDhabi#trip#sistets#ishaanikrishna#ahaanakrishna#hansikakrishna,[],22,213996,3831,116,PT58M41S,2024-12-26T12:00:15Z
31st ‡∞¶‡∞æ‡∞µ‡∞§‡±ç | New Year | MyVillageshow | Gangavva | Anjimama | Chandu | VillageShowMix | 31st Dawath,"üé¨ Cast 
Gangavva Milkuri, Anji Mama, Chandramouli Sirigiri, Thirumal Gorre, Madhu Alwala,
Anil Kante, Baba, Venkat, Suravva, Mallesham, Preveen, Bunny, Laxman, Madhusri, Ravi Oraganti, Srinivasa Chari

üé¨ Crew 
Concept by: https://www.instagram.com/chandu_myvillageshow/  https://www.instagram.com/madhualwaala/
DOP: Madhu Alwala  https://www.instagram.com/madhualwaala/
Editor: Thirumal Gorre  https://www.instagram.com/thirumal_myvillageshow/
Sync Sound: Swamy Kanakatla  https://www.instagram.com/swamy_mudhiraj__123/ 
Lighting & Line Producer: Madhu Elkus  https://www.instagram.com/baba_myvillageshow/  
Thumbnail Design: Laxman Vailta  https://www.instagram.com/laxman_graphic_designer/  
Music :Dj Rahul 
Production: My Village Show  https://www.instagram.com/myvillageshow/  
Written & Directed by: Anil Kante https://www.instagram.com/Writeranilkante/ 

ü§ù  For Brand Partnerships, Inquiries & Collaborations reach us at 
Email : villageshowmix@gmail.com
website : www.myvillageshow.in

Subscribe to our Youtube Channels : 
‚ñ∫ Subscribe to My Village Show: https://www.youtube.com/@MyVillageShow
‚ñ∫ Subscribe to Village Show Mix: https://www.youtube.com/@VillageShow-Mix
‚ñ∫ Subscribe to Kallivalli: https://www.youtube.com/@kallivalli
‚ñ∫ Subscribe to My Village Show Vlogs: https://www.youtube.com/@MyVillageShowVlogs

Follow us on Social media :
‚ñ∫ Like us on Facebook: https://www.facebook.com/myvillageshow/
‚ñ∫ Follow us on Instagram: https://www.instagram.com/myvillageshow/
‚ñ∫ Follow us on Instagram: https://www.instagram.com/village_show_mix/  
‚ñ∫ Follow us on Twitter: https://www.twitter.com/myvillageshow

Thank you for your Love & Support","['My Village Show', 'Gangavva', 'Anjimama', 'Raju', 'My Village Show Vlogs', 'Anilgeela Vlogs', 'Kallivelli', 'My Village Show New Video', 'Maa Uri Mucchatlu', 'Village Comedy Video', 'Lambadipally', 'Bigboss Gangavva', 'My Village Show Venkat', 'My Village Show Srikanth', 'Srikanth Sriram', 'MVS', 'Maa Village Show', 'MVS Videos', 'Village Festival Comedy', 'MyVillageshow', 'MVS Raju', 'MVS Srikanth', 'Madhu', '31stDawath', 'Newyear', 'Chandu']",23,667713,17600,358,PT25M55S,2024-12-25T04:28:12Z
Parineetii UPDATE: Niti Fails to Stop Sanju‚Äôs Marriage with Pari; Mom‚Äôs Drama Erupts!,"Sanju and Pari‚Äôs wedding becomes a whirlwind of emotions. Niti tries desperately to stop Sanju, but he goes ahead and marries Pari. Amid the celebrations, Sanju‚Äôs mom creates a massive drama, leaving everyone shocked. The event turns into a rollercoaster of love, betrayal, and chaos!

#parineetii  #neeti #pari #sanju #tvnews #serialupdate #onlocation 


Catch the latest television gossip of your favourite TV stars under one roof. 
Subscribe to Telly Talk India ‚ñ∫ https://www.youtube.com/@TellyTalkIndia

For Latest Telly News Stay Connected With Us:
Facebook  ‚ñ∫ https://www.facebook.com/TellyTalkIndia/
Twitter       ‚ñ∫ https://twitter.com/TellyTalkIndia
Instagram ‚ñ∫ https://www.instagram.com/tellytalkindia/

Subscribe NOW To Our Network Channels:-
zoom ‚ñ∫https://bit.ly/SubscribeToZoom","['parineeti', 'parineetii latest update', 'parineetii today episode', 'tanvi dogra', 'anchal sahu', 'ankur verma', 'parineet rajeev romance', 'parineetii all episodes', 'parineet wedding', 'rajeev neeti scenes', 'tanvi dogra latest', 'anchal sahu latest', 'ankur verma latest', 'parineetii spoilers', 'parineetii future story', 'telly talk', 'entertainment', 'serial gossips', 'serial update', 'neeti sanju', 'neeti first night', 'sanju', 'pari sanju mehendi ceremony', 'pari', 'pari neeti', 'pari aur sanju ka romance', 'tv news']",24,365416,4397,107,PT3M39S,2024-12-26T08:56:00Z
"‡§ñ‡§∞‡§ó‡•á ‡§ú‡•Ä, ‡§∏‡•ã‡§®‡§ø‡§Ø‡§æ ‡§ó‡§æ‡§Ç‡§ß‡•Ä ‡§ú‡•Ä, ‡§∞‡§æ‡§π‡•Å‡§≤ ‡§ú‡•Ä ‡§®‡•á ‡§Æ‡§®‡§Æ‡•ã‡§π‡§® ‡§∏‡§ø‡§Ç‡§π ‡§ú‡•Ä ‡§ï‡•ã ‡§∂‡•ç‡§∞‡§¶‡•ç‡§ß‡§æ‡§Ç‡§ú‡§≤‡§ø ‡§Ö‡§∞‡•ç‡§™‡§ø‡§§ ‡§ï‡•Ä | Manmohan Singh","‡§ñ‡§∞‡§ó‡•á ‡§ú‡•Ä, ‡§∏‡•ã‡§®‡§ø‡§Ø‡§æ ‡§ó‡§æ‡§Ç‡§ß‡•Ä ‡§ú‡•Ä, ‡§∞‡§æ‡§π‡•Å‡§≤ ‡§ú‡•Ä ‡§®‡•á ‡§Æ‡§®‡§Æ‡•ã‡§π‡§® ‡§∏‡§ø‡§Ç‡§π ‡§ú‡•Ä ‡§ï‡•ã ‡§∂‡•ç‡§∞‡§¶‡•ç‡§ß‡§æ‡§Ç‡§ú‡§≤‡§ø ‡§Ö‡§∞‡•ç‡§™‡§ø‡§§ ‡§ï‡•Ä | Manmohan Singh

Description:- 
The Official Youtube Account of India's Most Vibrant Political Movement - The Indian National Congress.


For more videos, subscribe to Congress Party channel: https://www.youtube.com/user/indiacongress


Follow Indian National Congress!

Follow the Indian National Congress on
Facebook: https://www.facebook.com/IndianNationalCongress
Twitter:https://twitter.com/INCIndia
Instagram: https://www.instagram.com/incindia/
YouTube: https://www.youtube.com/user/indiacongress

Follow Rahul Gandhi on 

YouTube: https://www.youtube.com/c/rahulgandhi/
Facebook: https://www.facebook.com/rahulgandhi/
Twitter: https://twitter.com/rahulgandhi/
Instagram: https://www.instagram.com/rahulgandhi/","['Congress', 'Indian National Congress', 'Political Party', 'Congress Party', 'Congress Party video', 'Congress Party latest video', 'congress party News', 'inc', '‡§∏‡•ã‡§®‡§ø‡§Ø‡§æ ‡§ó‡§æ‡§Ç‡§ß‡•Ä', '‡§∞‡§æ‡§π‡•Å‡§≤ ‡§ó‡§æ‡§Ç‡§ß‡•Ä', 'Rahul Gandhi', 'Priyanka Gandhi', '‡§™‡•ç‡§∞‡§ø‡§Ø‡§Ç‡§ï‡§æ ‡§ó‡§æ‡§Ç‡§ß‡•Ä', 'INDIA', 'Bharat Jodo Nyay Yatra', '‡§≠‡§æ‡§∞‡§§ ‡§ú‡•ã‡§°‡§º‡•ã ‡§®‡•ç‡§Ø‡§æ‡§Ø ‡§Ø‡§æ‡§§‡•ç‡§∞‡§æ', 'mallikarjun kharge', 'priyanka gandhi']",25,588992,0,1063,PT6M10S,2024-12-27T06:15:47Z
HO HO HORROR || Rachit Rojha,"Horror and Thriller Comedy !!
-----------------------------------------------------
Follow me on
Instagram: https://www.instagram.com/rachitrojha
-----------------------------------------------------

Script and Concept by - Rachit Rojha
Direction - Rachit Rojha
Sreenplay - Rachit Rojha

Special Thanks to My Team Mates.

The Rachit Rojha Productions.



Like Comment And Share !!",[],24,295135,6287,684,PT32M6S,2024-12-26T09:07:42Z
"‡§õ‡•ã‡§°‡§º‡•ã ‡§ó‡§æ‡§ú‡§∞ ‡§ï‡§æ ‡§π‡§≤‡§µ‡§æ‡§Ç - ‡§Ö‡§¨ ‡§Ø‡•á ‡§¨‡§®‡§æ‡§ï‡•á ‡§¶‡•á‡§ñ‡•ã, ‡§∏‡§∞‡•ç‡§¶‡•Ä ‡§Æ‡•á‡§Ç ‡§ï‡§ü‡•ã‡§∞‡•Ä‡§Ø‡§æ‡§Ç ‡§ö‡§æ‡§ü-‡§ö‡§æ‡§ü ‡§ï‡•á ‡§ñ‡§æ‡§Ø‡•á‡§Ç‡§ó‡•á ‡§î‡§∞ ‡§®‡§π‡•Ä ‡§¨‡§®‡§æ‡§à ‡§§‡•ã ‡§™‡§õ‡§§‡§æ‡§ì‡§ó‡•á","#carrot #KHEER #halwa 

INGREDIENTS TO MAKE THE RECIPE 

1.5 Litre Milk (Full Cream or Full Fat)
1/4 Cup Short Grain Rice 
9 - 10 Tbsp Sugar 
10 Cashews 
7 - 8 Elachi Dana Powder 
300 Gms Red Carrots 
1 Tbsp Desi Ghee

Dry Fruits 

Almonds 
Pistachios","['gajar ki kheer recipe', 'how to make gajar ki kheer in hindi', 'how to make gajar ki kheer in urdu']",26,443897,5402,250,PT8M9S,2024-12-25T09:25:35Z
‡¥™‡µç‡¥∞‡¥§‡µÄ‡¥ï‡µç‡¥∑‡¥Ø‡µÅ‡¥ü‡µÜ ‡¥≠‡¥æ‡¥∞‡¥Ç'‡¥∏‡µç ‡¥á‡¥≤‡µç‡¥≤‡¥æ‡¥§‡µÜ | Barroz 3D - Guardian of Treasures Review | Unni Vlogs Cinephile,"Follow my content on Spotify : https://open.spotify.com/show/2KnEn9sqnxNx39L5kkRpJv

#unnivlogs #unnivlogscinephile #unnivlog #unnivlogsreview #Barroz #Barroz3D #BarrozOfficialTrailer #Mohanlal #AntonyPerumbavoor #SantoshSivan #MarkKilian #LydianNadaswaram #mohanlalmovies #latestmalayalammovie #mohanlalmovies #aashirvadcinemas #newmovie #trailer #latestmovietrailers #barrozreleasedate #officialtrailer #cinema 

Support My Channel:
https://www.youtube.com/channel/UC60YvD_EAsoU2lIcQdxwR1Q/join

*************** Gears I Use****************
Main Camera : https://amzn.to/3SeydwO
Main Lens : https://amzn.to/3Lwb998
Secondary Lens : https://amzn.to/3SBf7kP
Additional Lens : https://amzn.to/4bOPpQc
Smarphone Camera : https://amzn.to/3YeFzUZ
Action Camera : https://amzn.to/4f7d01E
Primary Mic : https://amzn.to/3Wr96ct
Wireless Mic : https://amzn.to/4bRftKy
Podcast Mic : https://amzn.to/3Sf3z6x
Soundcard : https://amzn.to/3WrIk3F
External Recorder : https://amzn.to/3SbBtch
Main Light : https://amzn.to/4darGLH
Secondary RGB Light : https://amzn.to/3S9mjV2
Tripod : https://amzn.to/3YrMeLF
3 in 1Gorillapod : https://amzn.to/3WqqNsS

************* Follow me on Social Media ****************
My Website : https://unnivlogs.com/
Facebook : https://www.facebook.com/unnivlog
Twitter : https://twitter.com/unni_narayanan
Blog : https://tastetraveltechwithunni.blogspot.com/
Instagram : https://www.instagram.com/unnivlogsofficial/

Our Tech Channel : https://www.youtube.com/@unnivlogstech

Our Taste & Travel : https://www.youtube.com/@unnivlogstasteandtravel

Our Book Channel : https://www.youtube.com/@unnivlogsbooks","['unni vlogs', 'unnivlogs', 'unnivlog', 'unni vlogs cinephile', 'unni vlogs review', 'unni vlogs worth watch', 'malayalam review', 'barroz review', 'barroz', 'barroz review malayalam', 'barroz theatre response', 'barroz movie review', 'barroz song', 'barroz review unni vlogs', 'barroz unni vlogs', 'barroz mohanlal', 'mohanlal unni vlogs', 'mohanlal barroz', 'barroz 3d review', 'barroz 3d movie review', 'barroz malayalam review', 'barroz malayalam theatre response', 'barroz malayalam movie', 'unni vlogs bad boys review']",24,236018,3935,611,PT10M51S,2024-12-25T09:18:36Z
